Match,Team,Batting_1_name,Batting_1_runs,Batting_1_balls,Batting_1_4s,Batting_1_6s,Batting_1_strike_rate,Batting_2_name,Batting_2_runs,Batting_2_balls,Batting_2_4s,Batting_2_6s,Batting_2_strike_rate,Batting_3_name,Batting_3_runs,Batting_3_balls,Batting_3_4s,Batting_3_6s,Batting_3_strike_rate,Batting_4_name,Batting_4_runs,Batting_4_balls,Batting_4_4s,Batting_4_6s,Batting_4_strike_rate,Batting_5_name,Batting_5_runs,Batting_5_balls,Batting_5_4s,Batting_5_6s,Batting_5_strike_rate,Batting_6_name,Batting_6_runs,Batting_6_balls,Batting_6_4s,Batting_6_6s,Batting_6_strike_rate,Batting_7_name,Batting_7_runs,Batting_7_balls,Batting_7_4s,Batting_7_6s,Batting_7_strike_rate,Batting_8_name,Batting_8_runs,Batting_8_balls,Batting_8_4s,Batting_8_6s,Batting_8_strike_rate,Batting_9_name,Batting_9_runs,Batting_9_balls,Batting_9_4s,Batting_9_6s,Batting_9_strike_rate,Batting_10_name,Batting_10_runs,Batting_10_balls,Batting_10_4s,Batting_10_6s,Batting_10_strike_rate,Batting_11_name,Batting_11_runs,Batting_11_balls,Batting_11_4s,Batting_11_6s,Batting_11_strike_rate
1,England,Jonny Bairstow,33,35,4,1,94.28,Dawid Malan,14,24,2,0,58.33,Joe Root,77,86,4,1,89.53,Harry Brook,25.0,16.0,4.0,1.0,156.25,Moeen Ali,11.0,17.0,1.0,0.0,64.7,Jos Buttler(c),43.0,42.0,2.0,2.0,102.38,Liam Livingstone,20.0,22.0,3.0,0.0,90.9,Sam Curran,14.0,19.0,0.0,0.0,73.68,Chris Woakes,11.0,12.0,1.0,0.0,91.66,Adil Rashid,15.0,13.0,0.0,1.0,115.38,Mark Wood,13,14,0,0,92.85
1,New Zealand,Devon Conway,152,121,19,3,125.61,Will Young,0,1,0,0,0.0,Rachin Ravindra,123,96,11,5,128.12,Not Applicable,0.0,0.0,0.0,0.0,0.0,Not Applicable,0.0,0.0,0.0,0.0,0.0,Not Applicable,0.0,0.0,0.0,0.0,0.0,Not Applicable,0.0,0.0,0.0,0.0,0.0,Not Applicable,0.0,0.0,0.0,0.0,0.0,Not Applicable,0.0,0.0,0.0,0.0,0.0,Not Applicable,0.0,0.0,0.0,0.0,0.0,Not Applicable,0,0,0,0,0.0
2,Pakistan,Fakhar Zaman,12,15,3,0,80.0,Imam-ul-Haq,15,19,2,0,78.94,Babar Azam(c),5,18,0,0,27.77,Mohammad Rizwan,68.0,75.0,8.0,0.0,90.66,Saud Shakeel,68.0,52.0,9.0,1.0,130.76,Iftikhar Ahmed,9.0,11.0,1.0,0.0,81.81,Mohammad Nawaz,39.0,43.0,4.0,0.0,90.69,Shadab Khan,32.0,34.0,2.0,1.0,94.11,Hasan Ali,0.0,1.0,0.0,0.0,0.0,Shaheen Shah Afridi,13.0,12.0,2.0,0.0,108.33,Haris Rauf,16,14,2,1,114.28
2,Netherlands,Vikramjit Singh,52,67,4,1,77.61,Max O'Dowd,5,12,1,0,41.66,Colin Ackermann,17,21,3,0,80.95,Bas de Leede,67.0,68.0,6.0,2.0,98.52,Teja Nidamanuru,5.0,9.0,1.0,0.0,55.55,Scott Edwards(c),0.0,2.0,0.0,0.0,0.00,Saqib Zulfiqar,10.0,18.0,1.0,0.0,55.55,Roelof van der Merwe,4.0,7.0,0.0,0.0,57.14,Logan van Beek,28.0,28.0,3.0,1.0,100.0,Aryan Dutt,1.0,2.0,0.0,0.0,50.0,Paul van Meekeren,7,12,1,0,58.33
3,Afghanistan,Rahmanullah Gurbaz,47,62,4,1,75.8,Ibrahim Zadran,22,25,3,1,88.0,Rahmat Shah,18,25,1,0,72.0,Hashmatullah Shahidi(c),18.0,38.0,2.0,0.0,47.36,Najibullah Zadran,5.0,13.0,0.0,0.0,38.46,Mohammad Nabi,6.0,12.0,0.0,0.0,50.00,Azmatullah Omarzai,22.0,20.0,4.0,0.0,110.0,Rashid Khan,9.0,16.0,1.0,0.0,56.25,Mujeeb Ur Rahman,1.0,4.0,0.0,0.0,25.0,Naveen-ul-Haq,0.0,6.0,0.0,0.0,0.0,Fazalhaq Farooqi,0,3,0,0,0.00
3,Bangladesh,Tanzid Hasan,5,13,1,0,38.46,Litton Das,13,18,2,0,72.22,Mehidy Hasan Miraz,57,73,5,0,78.08,Najmul Hossain Shanto,59.0,83.0,3.0,1.0,71.08,Shakib Al Hasan(c),14.0,19.0,2.0,0.0,73.68,Mushfiqur Rahim,2.0,3.0,0.0,0.0,66.66,Not Applicable,0.0,0.0,0.0,0.0,0.0,Not Applicable,0.0,0.0,0.0,0.0,0.0,Not Applicable,0.0,0.0,0.0,0.0,0.0,Not Applicable,0.0,0.0,0.0,0.0,0.0,Not Applicable,0,0,0,0,0.0
4,South Africa,Quinton de Kock,100,84,12,3,119.04,Temba Bavuma(c),8,5,2,0,160.0,Rassie van der Dussen,108,110,13,2,98.18,Aiden Markram,106.0,54.0,14.0,3.0,196.29,Heinrich Klaasen,32.0,20.0,1.0,3.0,160.0,David Miller,39.0,21.0,3.0,2.0,185.71,Marco Jansen,12.0,7.0,0.0,1.0,171.42,Not Applicable,0.0,0.0,0.0,0.0,0.0,Not Applicable,0.0,0.0,0.0,0.0,0.0,Not Applicable,0.0,0.0,0.0,0.0,0.0,Not Applicable,0,0,0,0,0.0
4,Sri Lanka,Pathum Nissanka,0,3,0,0,0.0,Kusal Perera,7,15,1,0,46.66,Kusal Mendis,76,42,4,8,180.95,Sadeera Samarawickrama,23.0,19.0,3.0,1.0,121.05,Charith Asalanka,79.0,65.0,8.0,4.0,121.53,Dhananjaya de Silva,11.0,14.0,1.0,0.0,78.57,Dasun Shanaka(c),68.0,62.0,6.0,3.0,109.67,Dunith Wellalage,0.0,1.0,0.0,0.0,0.0,Kasun Rajitha,33.0,31.0,4.0,1.0,106.45,Matheesha Pathirana,5.0,16.0,1.0,0.0,31.25,Dilshan Madushanka,4,2,1,0,200.00
5,Australia,David Warner,41,52,6,0,78.84,Mitchell Marsh,0,6,0,0,0.0,Steven Smith,46,71,5,0,64.78,Marnus Labuschagne,27.0,41.0,1.0,0.0,65.85,Glenn Maxwell,15.0,25.0,1.0,0.0,60.0,Alex Carey,0.0,2.0,0.0,0.0,0.00,Cameron Green,8.0,20.0,0.0,0.0,40.0,Pat Cummins(c),15.0,24.0,1.0,1.0,62.5,Mitchell Starc,28.0,35.0,2.0,1.0,80.0,Adam Zampa,6.0,20.0,0.0,0.0,30.0,Josh Hazlewood,1,1,0,0,100.00
5,India,Rohit Sharma(c),0,6,0,0,0.0,Ishan Kishan,0,1,0,0,0.0,Virat Kohli,85,116,6,0,73.27,Shreyas Iyer,0.0,3.0,0.0,0.0,0.0,KL Rahul,97.0,115.0,8.0,2.0,84.34,Hardik Pandya,11.0,8.0,0.0,1.0,137.50,Not Applicable,0.0,0.0,0.0,0.0,0.0,Not Applicable,0.0,0.0,0.0,0.0,0.0,Not Applicable,0.0,0.0,0.0,0.0,0.0,Not Applicable,0.0,0.0,0.0,0.0,0.0,Not Applicable,0,0,0,0,0.0
6,New Zealand,Devon Conway,32,40,5,1,80.0,Will Young,70,80,7,2,87.5,Rachin Ravindra,51,51,3,1,100.0,Daryl Mitchell,48.0,47.0,5.0,2.0,102.12,Tom Latham(c),53.0,46.0,6.0,1.0,115.21,Glenn Phillips,4.0,4.0,1.0,0.0,100.00,Mark Chapman,5.0,13.0,0.0,0.0,38.46,Mitchell Santner,36.0,17.0,3.0,2.0,211.76,Matt Henry,10.0,4.0,0.0,1.0,250.0,Not Applicable,0.0,0.0,0.0,0.0,0.0,Not Applicable,0,0,0,0,0.0
6,Netherlands,Vikramjit Singh,12,20,1,0,60.0,Max O'Dowd,16,31,2,0,51.61,Colin Ackermann,69,73,5,0,94.52,Bas de Leede,18.0,25.0,3.0,0.0,72.0,Teja Nidamanuru,21.0,26.0,2.0,1.0,80.76,Scott Edwards(c),30.0,27.0,2.0,1.0,111.11,Sybrand Engelbrecht,29.0,34.0,3.0,0.0,85.29,Roelof van der Merwe,1.0,6.0,0.0,0.0,16.66,Ryan Klein,8.0,15.0,0.0,0.0,53.33,Aryan Dutt,11.0,20.0,0.0,1.0,55.0,Paul van Meekeren,4,3,1,0,133.33
7,England,Jonny Bairstow,52,59,8,0,88.13,Dawid Malan,140,107,16,5,130.84,Joe Root,82,68,8,1,120.58,Jos Buttler(c),20.0,10.0,1.0,1.0,200.0,Harry Brook,20.0,15.0,3.0,0.0,133.33,Liam Livingstone,0.0,1.0,0.0,0.0,0.00,Sam Curran,11.0,15.0,1.0,0.0,73.33,Chris Woakes,14.0,11.0,2.0,0.0,127.27,Adil Rashid,11.0,7.0,1.0,0.0,157.14,Mark Wood,6.0,5.0,1.0,0.0,120.0,Reece Topley,1,2,0,0,50.00
7,Bangladesh,Litton Das,76,66,7,2,115.15,Tanzid Hasan,1,2,0,0,50.0,Najmul Hossain Shanto,0,1,0,0,0.0,Shakib Al Hasan(c),1.0,9.0,0.0,0.0,11.11,Mehidy Hasan Miraz,8.0,7.0,1.0,0.0,114.28,Mushfiqur Rahim,51.0,64.0,4.0,0.0,79.68,Towhid Hridoy,39.0,61.0,2.0,0.0,63.93,Mahedi Hasan,14.0,32.0,1.0,0.0,43.75,Taskin Ahmed,15.0,25.0,0.0,1.0,60.0,Shoriful Islam,12.0,14.0,2.0,0.0,85.71,Mustafizur Rahman,3,9,0,0,33.33
8,Sri Lanka,Pathum Nissanka,51,61,7,1,83.6,Kusal Perera,0,4,0,0,0.0,Kusal Mendis,122,77,14,6,158.44,Sadeera Samarawickrama,108.0,89.0,11.0,2.0,121.34,Charith Asalanka,1.0,3.0,0.0,0.0,33.33,Dhananjaya de Silva,25.0,34.0,3.0,0.0,73.52,Dasun Shanaka(c),12.0,18.0,0.0,0.0,66.66,Dunith Wellalage,10.0,8.0,1.0,0.0,125.0,Maheesh Theekshana,0.0,4.0,0.0,0.0,0.0,Matheesha Pathirana,1.0,3.0,0.0,0.0,33.33,Not Applicable,0,0,0,0,0.0
8,Pakistan,Abdullah Shafique,113,103,10,3,109.7,Imam-ul-Haq,12,12,1,0,100.0,Babar Azam(c),10,15,1,0,66.66,Mohammad Rizwan,131.0,121.0,8.0,3.0,108.26,Saud Shakeel,31.0,30.0,2.0,0.0,103.33,Iftikhar Ahmed,22.0,10.0,4.0,0.0,220.00,Not Applicable,0.0,0.0,0.0,0.0,0.0,Not Applicable,0.0,0.0,0.0,0.0,0.0,Not Applicable,0.0,0.0,0.0,0.0,0.0,Not Applicable,0.0,0.0,0.0,0.0,0.0,Not Applicable,0,0,0,0,0.0
9,Afghanistan,Rahmanullah Gurbaz,21,28,3,1,75.0,Ibrahim Zadran,22,28,4,0,78.57,Rahmat Shah,16,22,3,0,72.72,Hashmatullah Shahidi(c),80.0,88.0,8.0,1.0,90.9,Azmatullah Omarzai,62.0,69.0,2.0,4.0,89.85,Mohammad Nabi,19.0,27.0,1.0,0.0,70.37,Najibullah Zadran,2.0,8.0,0.0,0.0,25.0,Rashid Khan,16.0,12.0,1.0,1.0,133.33,Mujeeb Ur Rahman,10.0,12.0,2.0,0.0,83.33,Naveen-ul-Haq,9.0,8.0,1.0,0.0,112.5,Not Applicable,0,0,0,0,0.0
9,India,Rohit Sharma(c),131,84,16,5,155.95,Ishan Kishan,47,47,5,2,100.0,Virat Kohli,55,56,6,0,98.21,Shreyas Iyer,25.0,23.0,1.0,1.0,108.69,Not Applicable,0.0,0.0,0.0,0.0,0.0,Not Applicable,0.0,0.0,0.0,0.0,0.0,Not Applicable,0.0,0.0,0.0,0.0,0.0,Not Applicable,0.0,0.0,0.0,0.0,0.0,Not Applicable,0.0,0.0,0.0,0.0,0.0,Not Applicable,0.0,0.0,0.0,0.0,0.0,Not Applicable,0,0,0,0,0.0
10,South Africa,Quinton de Kock,109,106,8,5,102.83,Temba Bavuma(c),35,55,2,0,63.63,Rassie van der Dussen,26,30,2,0,86.66,Aiden Markram,56.0,44.0,7.0,1.0,127.27,Heinrich Klaasen,29.0,27.0,3.0,0.0,107.4,David Miller,17.0,13.0,1.0,1.0,130.76,Marco Jansen,26.0,22.0,3.0,1.0,118.18,Kagiso Rabada,0.0,1.0,0.0,0.0,0.0,Keshav Maharaj,0.0,2.0,0.0,0.0,0.0,Not Applicable,0.0,0.0,0.0,0.0,0.0,Not Applicable,0,0,0,0,0.0
10,Australia,Mitchell Marsh,7,15,0,0,46.66,David Warner,13,27,2,0,48.14,Steven Smith,19,16,4,0,118.75,Marnus Labuschagne,46.0,74.0,3.0,0.0,62.16,Josh Inglis,5.0,4.0,1.0,0.0,125.0,Glenn Maxwell,3.0,17.0,0.0,0.0,17.64,Marcus Stoinis,5.0,4.0,1.0,0.0,125.0,Mitchell Starc,27.0,51.0,3.0,0.0,52.94,Pat Cummins(c),22.0,21.0,4.0,0.0,104.76,Adam Zampa,11.0,16.0,1.0,0.0,68.75,Josh Hazlewood,2,2,0,0,100.00
11,Bangladesh,Litton Das,0,1,0,0,0.0,Tanzid Hasan,16,17,4,0,94.11,Mehidy Hasan Miraz,30,46,4,0,65.21,Najmul Hossain Shanto,7.0,8.0,1.0,0.0,87.5,Shakib Al Hasan(c),40.0,51.0,3.0,2.0,78.43,Mushfiqur Rahim,66.0,75.0,6.0,2.0,88.00,Towhid Hridoy,13.0,25.0,0.0,0.0,52.0,Mahmudullah,41.0,49.0,2.0,2.0,83.67,Taskin Ahmed,17.0,19.0,0.0,2.0,89.47,Mustafizur Rahman,4.0,10.0,0.0,0.0,40.0,Shoriful Islam,2,3,0,0,66.66
11,New Zealand,Devon Conway,45,59,3,0,76.27,Rachin Ravindra,9,13,2,0,69.23,Kane Williamson(c),78,107,8,1,72.89,Daryl Mitchell,89.0,67.0,6.0,4.0,132.83,Glenn Phillips,16.0,11.0,1.0,1.0,145.45,Not Applicable,0.0,0.0,0.0,0.0,0.0,Not Applicable,0.0,0.0,0.0,0.0,0.0,Not Applicable,0.0,0.0,0.0,0.0,0.0,Not Applicable,0.0,0.0,0.0,0.0,0.0,Not Applicable,0.0,0.0,0.0,0.0,0.0,Not Applicable,0,0,0,0,0.0
12,Pakistan,Abdullah Shafique,20,24,3,0,83.33,Imam-ul-Haq,36,38,6,0,94.73,Babar Azam(c),50,58,7,0,86.2,Mohammad Rizwan,49.0,69.0,7.0,0.0,71.01,Saud Shakeel,6.0,10.0,0.0,0.0,60.0,Iftikhar Ahmed,4.0,4.0,1.0,0.0,100.00,Shadab Khan,2.0,5.0,0.0,0.0,40.0,Mohammad Nawaz,4.0,14.0,0.0,0.0,28.57,Hasan Ali,12.0,19.0,2.0,0.0,63.15,Shaheen Shah Afridi,2.0,10.0,0.0,0.0,20.0,Haris Rauf,2,6,0,0,33.33
12,India,Rohit Sharma(c),86,63,6,6,136.5,Shubman Gill,16,11,4,0,145.45,Virat Kohli,16,18,3,0,88.88,Shreyas Iyer,53.0,62.0,3.0,2.0,85.48,KL Rahul,19.0,29.0,2.0,0.0,65.51,Not Applicable,0.0,0.0,0.0,0.0,0.0,Not Applicable,0.0,0.0,0.0,0.0,0.0,Not Applicable,0.0,0.0,0.0,0.0,0.0,Not Applicable,0.0,0.0,0.0,0.0,0.0,Not Applicable,0.0,0.0,0.0,0.0,0.0,Not Applicable,0,0,0,0,0.0
13,Afghanistan,Rahmanullah Gurbaz,80,57,8,4,140.35,Ibrahim Zadran,28,48,3,0,58.33,Rahmat Shah,3,8,0,0,37.5,Hashmatullah Shahidi(c),14.0,36.0,0.0,0.0,38.88,Azmatullah Omarzai,19.0,24.0,1.0,1.0,79.16,Ikram Alikhil,58.0,66.0,3.0,2.0,87.87,Mohammad Nabi,9.0,15.0,1.0,0.0,60.0,Rashid Khan,23.0,22.0,3.0,0.0,104.54,Mujeeb Ur Rahman,28.0,16.0,3.0,1.0,175.0,Naveen-ul-Haq,5.0,6.0,1.0,0.0,83.33,Fazalhaq Farooqi,2,4,0,0,50.00
13,England,Jonny Bairstow,2,4,0,0,50.0,Dawid Malan,32,39,4,0,82.05,Joe Root,11,17,2,0,64.7,Harry Brook,66.0,61.0,7.0,1.0,108.19,Jos Buttler(c),9.0,18.0,1.0,0.0,50.0,Liam Livingstone,10.0,14.0,1.0,0.0,71.42,Sam Curran,10.0,23.0,0.0,0.0,43.47,Chris Woakes,9.0,26.0,1.0,0.0,34.61,Adil Rashid,20.0,13.0,2.0,0.0,153.84,Mark Wood,18.0,22.0,3.0,0.0,81.81,Reece Topley,15,7,3,0,214.28
14,Sri Lanka,Pathum Nissanka,61,67,8,0,91.04,Kusal Perera,78,82,12,0,95.12,Kusal Mendis(c),9,13,0,0,69.23,Sadeera Samarawickrama,8.0,8.0,1.0,0.0,100.0,Charith Asalanka,25.0,39.0,0.0,1.0,64.1,Dhananjaya de Silva,7.0,13.0,1.0,0.0,53.84,Dunith Wellalage,2.0,9.0,0.0,0.0,22.22,Chamika Karunaratne,2.0,11.0,0.0,0.0,18.18,Maheesh Theekshana,0.0,5.0,0.0,0.0,0.0,Lahiru Kumara,4.0,8.0,1.0,0.0,50.0,Dilshan Madushanka,0,6,0,0,0.00
14,Australia,Mitchell Marsh,52,51,9,0,101.96,David Warner,11,6,0,1,183.33,Steven Smith,0,5,0,0,0.0,Marnus Labuschagne,40.0,60.0,2.0,0.0,66.66,Josh Inglis,58.0,59.0,5.0,1.0,98.3,Glenn Maxwell,31.0,21.0,4.0,2.0,147.61,Marcus Stoinis,20.0,10.0,2.0,1.0,200.0,Not Applicable,0.0,0.0,0.0,0.0,0.0,Not Applicable,0.0,0.0,0.0,0.0,0.0,Not Applicable,0.0,0.0,0.0,0.0,0.0,Not Applicable,0,0,0,0,0.0
15,Netherlands,Vikramjit Singh,2,16,0,0,12.5,Max O'Dowd,18,25,4,0,72.0,Colin Ackermann,12,25,1,0,48.0,Bas de Leede,2.0,7.0,0.0,0.0,28.57,Sybrand Engelbrecht,19.0,37.0,1.0,1.0,51.35,Teja Nidamanuru,20.0,25.0,3.0,0.0,80.00,Scott Edwards(c),78.0,69.0,10.0,1.0,113.04,Logan van Beek,10.0,27.0,1.0,0.0,37.03,Roelof van der Merwe,29.0,19.0,3.0,1.0,152.63,Aryan Dutt,23.0,9.0,0.0,3.0,255.55,Not Applicable,0,0,0,0,0.0
15,South Africa,Temba Bavuma(c),16,31,2,1,51.61,Quinton de Kock,20,22,3,0,90.9,Rassie van der Dussen,4,7,0,0,57.14,Aiden Markram,1.0,3.0,0.0,0.0,33.33,Heinrich Klaasen,28.0,28.0,4.0,0.0,100.0,David Miller,43.0,52.0,4.0,1.0,82.69,Marco Jansen,9.0,25.0,0.0,0.0,36.0,Gerald Coetzee,22.0,23.0,2.0,1.0,95.65,Keshav Maharaj,40.0,37.0,5.0,1.0,108.1,Kagiso Rabada,9.0,6.0,0.0,1.0,150.0,Lungi Ngidi,7,24,0,0,29.16
16,New Zealand,Devon Conway,20,18,3,0,111.11,Will Young,54,64,4,3,84.37,Rachin Ravindra,32,41,2,1,78.04,Daryl Mitchell,1.0,7.0,0.0,0.0,14.28,Tom Latham(c),68.0,74.0,3.0,2.0,91.89,Glenn Phillips,71.0,80.0,4.0,4.0,88.75,Mark Chapman,25.0,12.0,2.0,1.0,208.33,Mitchell Santner,7.0,5.0,1.0,0.0,140.0,Not Applicable,0.0,0.0,0.0,0.0,0.0,Not Applicable,0.0,0.0,0.0,0.0,0.0,Not Applicable,0,0,0,0,0.0
16,Afghanistan,Rahmanullah Gurbaz,11,21,0,1,52.38,Ibrahim Zadran,14,15,2,0,93.33,Rahmat Shah,36,62,1,0,58.06,Hashmatullah Shahidi(c),8.0,29.0,1.0,0.0,27.58,Azmatullah Omarzai,27.0,32.0,2.0,0.0,84.37,Ikram Alikhil,19.0,21.0,3.0,0.0,90.47,Mohammad Nabi,7.0,9.0,1.0,0.0,77.77,Rashid Khan,8.0,13.0,0.0,1.0,61.53,Mujeeb Ur Rahman,4.0,3.0,1.0,0.0,133.33,Naveen-ul-Haq,0.0,1.0,0.0,0.0,0.0,Fazalhaq Farooqi,0,2,0,0,0.00
17,Bangladesh,Tanzid Hasan,51,43,5,3,118.6,Litton Das,66,82,7,0,80.48,Najmul Hossain Shanto(c),8,17,0,0,47.05,Mehidy Hasan Miraz,3.0,13.0,0.0,0.0,23.07,Towhid Hridoy,16.0,35.0,0.0,0.0,45.71,Mushfiqur Rahim,38.0,46.0,1.0,1.0,82.60,Mahmudullah,46.0,36.0,3.0,3.0,127.77,Nasum Ahmed,14.0,18.0,2.0,0.0,77.77,Mustafizur Rahman,1.0,7.0,0.0,0.0,14.28,Shoriful Islam,7.0,3.0,0.0,1.0,233.33,Not Applicable,0,0,0,0,0.0
17,India,Rohit Sharma(c),48,40,7,2,120.0,Shubman Gill,53,55,5,2,96.36,Virat Kohli,103,97,6,4,106.18,Shreyas Iyer,19.0,25.0,2.0,0.0,76.0,KL Rahul,34.0,34.0,3.0,1.0,100.0,Not Applicable,0.0,0.0,0.0,0.0,0.0,Not Applicable,0.0,0.0,0.0,0.0,0.0,Not Applicable,0.0,0.0,0.0,0.0,0.0,Not Applicable,0.0,0.0,0.0,0.0,0.0,Not Applicable,0.0,0.0,0.0,0.0,0.0,Not Applicable,0,0,0,0,0.0
18,Australia,David Warner,163,124,14,9,131.45,Mitchell Marsh,121,108,10,9,112.03,Glenn Maxwell,0,1,0,0,0.0,Steven Smith,7.0,9.0,0.0,0.0,77.77,Marcus Stoinis,21.0,24.0,1.0,1.0,87.5,Josh Inglis,13.0,9.0,3.0,0.0,144.44,Marnus Labuschagne,8.0,12.0,1.0,0.0,66.66,Pat Cummins(c),6.0,8.0,0.0,0.0,75.0,Mitchell Starc,2.0,3.0,0.0,0.0,66.66,Josh Hazlewood,0.0,1.0,0.0,0.0,0.0,Adam Zampa,1,1,0,0,100.00
18,Pakistan,Abdullah Shafique,64,61,7,2,104.91,Imam-ul-Haq,70,71,10,0,98.59,Babar Azam(c),18,14,3,0,128.57,Mohammad Rizwan,46.0,40.0,5.0,0.0,115.0,Saud Shakeel,30.0,31.0,5.0,0.0,96.77,Iftikhar Ahmed,26.0,20.0,0.0,3.0,130.00,Mohammad Nawaz,14.0,16.0,0.0,1.0,87.5,Usama Mir,0.0,3.0,0.0,0.0,0.0,Shaheen Shah Afridi,10.0,8.0,2.0,0.0,125.0,Hasan Ali,8.0,8.0,2.0,0.0,100.0,Haris Rauf,0,1,0,0,0.00
19,Netherlands,Vikramjit Singh,4,13,1,0,30.76,Max O'Dowd,16,27,1,1,59.25,Colin Ackermann,29,31,5,0,93.54,Bas de Leede,6.0,21.0,0.0,0.0,28.57,Teja Nidamanuru,9.0,16.0,0.0,0.0,56.25,Scott Edwards(c),16.0,16.0,0.0,0.0,100.00,Sybrand Engelbrecht,70.0,82.0,4.0,1.0,85.36,Logan van Beek,59.0,75.0,1.0,1.0,78.66,Roelof van der Merwe,7.0,7.0,0.0,0.0,100.0,Aryan Dutt,9.0,6.0,1.0,0.0,150.0,Paul van Meekeren,4,5,0,0,80.00
19,Sri Lanka,Pathum Nissanka,54,52,9,0,103.84,Kusal Perera,5,8,1,0,62.5,Kusal Mendis(c),11,17,2,0,64.7,Sadeera Samarawickrama,91.0,107.0,7.0,0.0,85.04,Charith Asalanka,44.0,66.0,2.0,1.0,66.66,Dhananjaya de Silva,30.0,37.0,1.0,2.0,81.08,Dushan Hemantha,4.0,3.0,1.0,0.0,133.33,Not Applicable,0.0,0.0,0.0,0.0,0.0,Not Applicable,0.0,0.0,0.0,0.0,0.0,Not Applicable,0.0,0.0,0.0,0.0,0.0,Not Applicable,0,0,0,0,0.0
20,South Africa,Quinton de Kock,4,2,1,0,200.0,Reeza Hendricks,85,75,9,3,113.33,Rassie van der Dussen,60,61,8,0,98.36,Aiden Markram(c),42.0,44.0,4.0,0.0,95.45,Heinrich Klaasen,109.0,67.0,12.0,4.0,162.68,David Miller,5.0,6.0,1.0,0.0,83.33,Marco Jansen,75.0,42.0,3.0,6.0,178.57,Gerald Coetzee,3.0,3.0,0.0,0.0,100.0,Keshav Maharaj,1.0,1.0,0.0,0.0,100.0,Not Applicable,0.0,0.0,0.0,0.0,0.0,Not Applicable,0,0,0,0,0.0
20,England,Jonny Bairstow,10,12,1,1,83.33,Dawid Malan,6,11,1,0,54.54,Joe Root,2,6,0,0,33.33,Ben Stokes,5.0,8.0,1.0,0.0,62.5,Harry Brook,17.0,25.0,2.0,1.0,68.0,Jos Buttler(c),15.0,7.0,2.0,1.0,214.28,David Willey,12.0,12.0,1.0,1.0,100.0,Adil Rashid,10.0,14.0,1.0,0.0,71.42,Gus Atkinson,35.0,21.0,7.0,0.0,166.66,Mark Wood,43.0,17.0,2.0,5.0,252.94,Reece Topley,0,0,0,0,0
21,New Zealand,Devon Conway,0,9,0,0,0.0,Will Young,17,27,3,0,62.96,Rachin Ravindra,75,87,6,1,86.2,Daryl Mitchell,130.0,127.0,9.0,5.0,102.36,Tom Latham(c),5.0,7.0,1.0,0.0,71.42,Glenn Phillips,23.0,26.0,0.0,1.0,88.46,Mark Chapman,6.0,8.0,0.0,0.0,75.0,Mitchell Santner,1.0,2.0,0.0,0.0,50.0,Matt Henry,0.0,1.0,0.0,0.0,0.0,Lockie Ferguson,1.0,5.0,0.0,0.0,20.0,Trent Boult,0,1,0,0,0.00
21,India,Rohit Sharma(c),46,40,4,4,115.0,Shubman Gill,26,31,5,0,83.87,Virat Kohli,95,104,8,2,91.34,Shreyas Iyer,33.0,29.0,6.0,0.0,113.79,KL Rahul,27.0,35.0,3.0,0.0,77.14,Suryakumar Yadav,2.0,4.0,0.0,0.0,50.00,Ravindra Jadeja,39.0,44.0,3.0,1.0,88.63,Mohammed Shami,1.0,1.0,0.0,0.0,100.0,Not Applicable,0.0,0.0,0.0,0.0,0.0,Not Applicable,0.0,0.0,0.0,0.0,0.0,Not Applicable,0,0,0,0,0.0
22,Pakistan,Abdullah Shafique,58,75,5,2,77.33,Imam-ul-Haq,17,22,2,0,77.27,Babar Azam(c),74,92,4,1,80.43,Mohammad Rizwan,8.0,10.0,0.0,1.0,80.0,Saud Shakeel,25.0,34.0,3.0,0.0,73.52,Shadab Khan,40.0,38.0,1.0,1.0,105.26,Iftikhar Ahmed,40.0,27.0,2.0,4.0,148.14,Shaheen Shah Afridi,3.0,3.0,0.0,0.0,100.0,Not Applicable,0.0,0.0,0.0,0.0,0.0,Not Applicable,0.0,0.0,0.0,0.0,0.0,Not Applicable,0,0,0,0,0.0
22,Afghanistan,Rahmanullah Gurbaz,65,53,9,1,122.64,Ibrahim Zadran,87,113,10,0,76.99,Rahmat Shah,77,84,5,2,91.66,Hashmatullah Shahidi(c),48.0,45.0,4.0,0.0,106.66,Not Applicable,0.0,0.0,0.0,0.0,0.0,Not Applicable,0.0,0.0,0.0,0.0,0.0,Not Applicable,0.0,0.0,0.0,0.0,0.0,Not Applicable,0.0,0.0,0.0,0.0,0.0,Not Applicable,0.0,0.0,0.0,0.0,0.0,Not Applicable,0.0,0.0,0.0,0.0,0.0,Not Applicable,0,0,0,0,0.0
23,South Africa,Quinton de Kock,174,140,15,7,124.28,Reeza Hendricks,12,19,1,0,63.15,Rassie van der Dussen,1,7,0,0,14.28,Aiden Markram(c),60.0,69.0,7.0,0.0,86.95,Heinrich Klaasen,90.0,49.0,2.0,8.0,183.67,David Miller,34.0,15.0,1.0,4.0,226.66,Marco Jansen,1.0,1.0,0.0,0.0,100.0,Not Applicable,0.0,0.0,0.0,0.0,0.0,Not Applicable,0.0,0.0,0.0,0.0,0.0,Not Applicable,0.0,0.0,0.0,0.0,0.0,Not Applicable,0,0,0,0,0.0
23,Bangladesh,Tanzid Hasan,12,17,1,0,70.58,Litton Das,22,44,3,1,50.0,Najmul Hossain Shanto,0,1,0,0,0.0,Shakib Al Hasan(c),1.0,4.0,0.0,0.0,25.0,Mushfiqur Rahim,8.0,17.0,1.0,0.0,47.05,Mahmudullah,111.0,111.0,11.0,4.0,100.00,Mehidy Hasan Miraz,11.0,19.0,1.0,0.0,57.89,Nasum Ahmed,19.0,19.0,3.0,0.0,100.0,Hasan Mahmud,15.0,25.0,2.0,0.0,60.0,Mustafizur Rahman,11.0,21.0,2.0,0.0,52.38,Shoriful Islam,6,4,1,0,150.00
24,Australia,Mitchell Marsh,9,15,2,0,60.0,David Warner,104,93,11,3,111.82,Steven Smith,71,68,9,1,104.41,Marnus Labuschagne,62.0,47.0,7.0,2.0,131.91,Josh Inglis,14.0,12.0,1.0,1.0,116.66,Glenn Maxwell,106.0,44.0,9.0,8.0,240.90,Cameron Green,8.0,11.0,1.0,0.0,72.72,Pat Cummins(c),12.0,9.0,2.0,0.0,133.33,Mitchell Starc,0.0,1.0,0.0,0.0,0.0,Adam Zampa,1.0,1.0,0.0,0.0,100.0,Not Applicable,0,0,0,0,0.0
24,Netherlands,Vikramjit Singh,25,25,6,0,100.0,Max O'Dowd,6,9,1,0,66.66,Colin Ackermann,10,11,2,0,90.9,Sybrand Engelbrecht,11.0,21.0,1.0,0.0,52.38,Bas de Leede,4.0,7.0,1.0,0.0,57.14,Scott Edwards(c),12.0,22.0,0.0,0.0,54.54,Teja Nidamanuru,14.0,18.0,2.0,0.0,77.77,Logan van Beek,0.0,3.0,0.0,0.0,0.0,Roelof van der Merwe,0.0,1.0,0.0,0.0,0.0,Aryan Dutt,1.0,8.0,0.0,0.0,12.5,Paul van Meekeren,0,1,0,0,0.00
25,England,Jonny Bairstow,30,31,3,0,96.77,Dawid Malan,28,25,6,0,112.0,Joe Root,3,10,0,0,30.0,Ben Stokes,43.0,73.0,6.0,0.0,58.9,Jos Buttler(c),8.0,6.0,1.0,0.0,133.33,Liam Livingstone,1.0,6.0,0.0,0.0,16.66,Moeen Ali,15.0,15.0,1.0,0.0,100.0,Chris Woakes,0.0,4.0,0.0,0.0,0.0,David Willey,14.0,17.0,1.0,1.0,82.35,Adil Rashid,2.0,7.0,0.0,0.0,28.57,Mark Wood,5,6,1,0,83.33
25,Sri Lanka,Pathum Nissanka,77,83,7,2,92.77,Kusal Perera,4,5,1,0,80.0,Kusal Mendis(c),11,12,2,0,91.66,Sadeera Samarawickrama,65.0,54.0,7.0,1.0,120.37,Not Applicable,0.0,0.0,0.0,0.0,0.0,Not Applicable,0.0,0.0,0.0,0.0,0.0,Not Applicable,0.0,0.0,0.0,0.0,0.0,Not Applicable,0.0,0.0,0.0,0.0,0.0,Not Applicable,0.0,0.0,0.0,0.0,0.0,Not Applicable,0.0,0.0,0.0,0.0,0.0,Not Applicable,0,0,0,0,0.0
26,Pakistan,Abdullah Shafique,9,17,1,0,52.94,Imam-ul-Haq,12,18,2,0,66.66,Babar Azam(c),50,65,4,1,76.92,Mohammad Rizwan,31.0,27.0,4.0,1.0,114.81,Iftikhar Ahmed,21.0,31.0,1.0,1.0,67.74,Saud Shakeel,52.0,52.0,7.0,0.0,100.00,Shadab Khan,43.0,36.0,3.0,2.0,119.44,Mohammad Nawaz,24.0,24.0,1.0,2.0,100.0,Shaheen Shah Afridi,2.0,4.0,0.0,0.0,50.0,Mohammad Wasim,7.0,9.0,0.0,1.0,77.77,Haris Rauf,0,1,0,0,0.00
26,South Africa,Temba Bavuma(c),28,27,4,1,103.7,Quinton de Kock,24,14,5,0,171.42,Rassie van der Dussen,21,39,0,0,53.84,Aiden Markram,91.0,93.0,7.0,3.0,97.84,Heinrich Klaasen,12.0,10.0,0.0,1.0,120.0,David Miller,29.0,33.0,2.0,2.0,87.87,Marco Jansen,20.0,14.0,2.0,1.0,142.85,Gerald Coetzee,10.0,13.0,0.0,0.0,76.92,Keshav Maharaj,7.0,21.0,1.0,0.0,33.33,Lungi Ngidi,4.0,14.0,0.0,0.0,28.57,Tabraiz Shamsi,4,6,0,0,66.66
27,Australia,David Warner,81,65,5,6,124.61,Travis Head,109,67,10,7,162.68,Mitchell Marsh,36,51,2,0,70.58,Steven Smith,18.0,17.0,2.0,0.0,105.88,Marnus Labuschagne,18.0,26.0,2.0,0.0,69.23,Glenn Maxwell,41.0,24.0,5.0,2.0,170.83,Josh Inglis,38.0,28.0,4.0,1.0,135.71,Pat Cummins(c),37.0,14.0,2.0,4.0,264.28,Mitchell Starc,1.0,3.0,0.0,0.0,33.33,Adam Zampa,0.0,3.0,0.0,0.0,0.0,Josh Hazlewood,0,0,0,0,0
27,New Zealand,Devon Conway,28,17,6,0,164.7,Will Young,32,37,4,1,86.48,Rachin Ravindra,116,89,9,5,130.33,Daryl Mitchell,54.0,51.0,6.0,1.0,105.88,Tom Latham(c),21.0,22.0,2.0,0.0,95.45,Glenn Phillips,12.0,16.0,1.0,0.0,75.00,James Neesham,58.0,39.0,3.0,3.0,148.71,Mitchell Santner,17.0,12.0,1.0,1.0,141.66,Matt Henry,9.0,8.0,1.0,0.0,112.5,Trent Boult,10.0,8.0,0.0,1.0,125.0,Lockie Ferguson,0,1,0,0,0.00
28,Netherlands,Vikramjit Singh,3,9,0,0,33.33,Max O'Dowd,0,3,0,0,0.0,Wesley Barresi,41,41,8,0,100.0,Colin Ackermann,15.0,33.0,1.0,0.0,45.45,Scott Edwards(c),68.0,89.0,6.0,0.0,76.4,Bas de Leede,17.0,32.0,2.0,0.0,53.12,Sybrand Engelbrecht,35.0,61.0,3.0,0.0,57.37,Logan van Beek,23.0,16.0,2.0,1.0,143.75,Shariz Ahmad,6.0,8.0,0.0,0.0,75.0,Aryan Dutt,9.0,6.0,0.0,1.0,150.0,Paul van Meekeren,0,2,0,0,0.00
28,Bangladesh,Litton Das,3,12,0,0,25.0,Tanzid Hasan,15,16,3,0,93.75,Mehidy Hasan Miraz,35,40,5,1,87.5,Najmul Hossain Shanto,9.0,18.0,2.0,0.0,50.0,Shakib Al Hasan(c),5.0,14.0,0.0,0.0,35.71,Mushfiqur Rahim,1.0,5.0,0.0,0.0,20.00,Mahmudullah,20.0,41.0,2.0,0.0,48.78,Mahedi Hasan,17.0,38.0,1.0,0.0,44.73,Taskin Ahmed,11.0,35.0,1.0,0.0,31.42,Mustafizur Rahman,20.0,35.0,2.0,1.0,57.14,Shoriful Islam,0,0,0,0,0
29,India,Rohit Sharma(c),87,101,10,3,86.13,Shubman Gill,9,13,1,0,69.23,Virat Kohli,0,9,0,0,0.0,Shreyas Iyer,4.0,16.0,0.0,0.0,25.0,KL Rahul,39.0,58.0,3.0,0.0,67.24,Suryakumar Yadav,49.0,47.0,4.0,1.0,104.25,Ravindra Jadeja,8.0,13.0,0.0,0.0,61.53,Mohammed Shami,1.0,5.0,0.0,0.0,20.0,Jasprit Bumrah,16.0,25.0,1.0,0.0,64.0,Kuldeep Yadav,9.0,13.0,1.0,0.0,69.23,Not Applicable,0,0,0,0,0.0
29,England,Jonny Bairstow,14,23,2,0,60.86,Dawid Malan,16,17,2,1,94.11,Joe Root,0,1,0,0,0.0,Ben Stokes,0.0,10.0,0.0,0.0,0.0,Jos Buttler(c),10.0,23.0,1.0,0.0,43.47,Moeen Ali,15.0,31.0,0.0,0.0,48.38,Liam Livingstone,27.0,46.0,2.0,0.0,58.69,Chris Woakes,10.0,20.0,1.0,0.0,50.0,David Willey,16.0,17.0,0.0,2.0,94.11,Adil Rashid,13.0,20.0,2.0,0.0,65.0,Mark Wood,0,1,0,0,0.00
30,Sri Lanka,Pathum Nissanka,46,60,5,0,76.66,Dimuth Karunaratne,15,21,1,0,71.42,Kusal Mendis(c),39,50,3,0,78.0,Sadeera Samarawickrama,36.0,40.0,3.0,0.0,90.0,Charith Asalanka,22.0,28.0,2.0,0.0,78.57,Dhananjaya de Silva,14.0,26.0,1.0,0.0,53.84,Angelo Mathews,23.0,26.0,1.0,1.0,88.46,Dushmantha Chameera,1.0,4.0,0.0,0.0,25.0,Maheesh Theekshana,29.0,31.0,3.0,1.0,93.54,Kasun Rajitha,5.0,7.0,0.0,0.0,71.42,Dilshan Madushanka,0,4,0,0,0.00
30,Afghanistan,Rahmanullah Gurbaz,0,4,0,0,0.0,Ibrahim Zadran,39,57,4,1,68.42,Rahmat Shah,62,74,7,0,83.78,Hashmatullah Shahidi(c),58.0,74.0,2.0,1.0,78.37,Azmatullah Omarzai,73.0,63.0,6.0,3.0,115.87,Not Applicable,0.0,0.0,0.0,0.0,0.0,Not Applicable,0.0,0.0,0.0,0.0,0.0,Not Applicable,0.0,0.0,0.0,0.0,0.0,Not Applicable,0.0,0.0,0.0,0.0,0.0,Not Applicable,0.0,0.0,0.0,0.0,0.0,Not Applicable,0,0,0,0,0.0
31,Bangladesh,Tanzid Hasan,0,5,0,0,0.0,Litton Das,45,64,6,0,70.31,Najmul Hossain Shanto,4,3,1,0,133.33,Mushfiqur Rahim,5.0,8.0,1.0,0.0,62.5,Mahmudullah,56.0,70.0,6.0,1.0,80.0,Shakib Al Hasan(c),43.0,64.0,4.0,0.0,67.18,Towhid Hridoy,7.0,3.0,0.0,1.0,233.33,Mehidy Hasan Miraz,25.0,30.0,1.0,1.0,83.33,Taskin Ahmed,6.0,13.0,0.0,0.0,46.15,Mustafizur Rahman,3.0,7.0,0.0,0.0,42.85,Shoriful Islam,1,4,0,0,25.00
31,Pakistan,Abdullah Shafique,68,69,9,2,98.55,Fakhar Zaman,81,74,3,7,109.45,Babar Azam(c),9,16,1,0,56.25,Mohammad Rizwan,26.0,21.0,4.0,0.0,123.8,Iftikhar Ahmed,17.0,15.0,2.0,0.0,113.33,Not Applicable,0.0,0.0,0.0,0.0,0.0,Not Applicable,0.0,0.0,0.0,0.0,0.0,Not Applicable,0.0,0.0,0.0,0.0,0.0,Not Applicable,0.0,0.0,0.0,0.0,0.0,Not Applicable,0.0,0.0,0.0,0.0,0.0,Not Applicable,0,0,0,0,0.0
32,South Africa,Quinton de Kock,114,116,10,3,98.27,Temba Bavuma(c),24,28,4,1,85.71,Rassie van der Dussen,133,118,9,5,112.71,David Miller,53.0,30.0,2.0,4.0,176.66,Heinrich Klaasen,15.0,7.0,1.0,1.0,214.28,Aiden Markram,6.0,1.0,0.0,1.0,600.00,Not Applicable,0.0,0.0,0.0,0.0,0.0,Not Applicable,0.0,0.0,0.0,0.0,0.0,Not Applicable,0.0,0.0,0.0,0.0,0.0,Not Applicable,0.0,0.0,0.0,0.0,0.0,Not Applicable,0,0,0,0,0.0
32,New Zealand,Devon Conway,2,6,0,0,33.33,Will Young,33,37,5,0,89.18,Rachin Ravindra,9,16,1,0,56.25,Daryl Mitchell,24.0,30.0,4.0,0.0,80.0,Tom Latham(c),4.0,15.0,0.0,0.0,26.66,Glenn Phillips,60.0,50.0,4.0,4.0,120.00,Mitchell Santner,7.0,18.0,1.0,0.0,38.88,Tim Southee,7.0,11.0,1.0,0.0,63.63,James Neesham,0.0,8.0,0.0,0.0,0.0,Trent Boult,9.0,14.0,1.0,0.0,64.28,Matt Henry,0,9,0,0,0.00
33,India,Rohit Sharma(c),4,2,1,0,200.0,Shubman Gill,92,92,11,2,100.0,Virat Kohli,88,94,11,0,93.61,Shreyas Iyer,82.0,56.0,3.0,6.0,146.42,KL Rahul,21.0,19.0,2.0,0.0,110.52,Suryakumar Yadav,12.0,9.0,2.0,0.0,133.33,Ravindra Jadeja,35.0,24.0,1.0,1.0,145.83,Mohammed Shami,2.0,4.0,0.0,0.0,50.0,Jasprit Bumrah,1.0,1.0,0.0,0.0,100.0,Not Applicable,0.0,0.0,0.0,0.0,0.0,Not Applicable,0,0,0,0,0.0
33,Sri Lanka,Pathum Nissanka,0,1,0,0,0.0,Dimuth Karunaratne,0,1,0,0,0.0,Kusal Mendis(c),1,10,0,0,10.0,Sadeera Samarawickrama,0.0,4.0,0.0,0.0,0.0,Charith Asalanka,1.0,24.0,0.0,0.0,4.16,Angelo Mathews,12.0,25.0,1.0,0.0,48.00,Dushan Hemantha,0.0,1.0,0.0,0.0,0.0,Dushmantha Chameera,0.0,6.0,0.0,0.0,0.0,Maheesh Theekshana,12.0,23.0,2.0,0.0,52.17,Kasun Rajitha,14.0,17.0,2.0,0.0,82.35,Dilshan Madushanka,5,6,1,0,83.33
34,Netherlands,Wesley Barresi,1,4,0,0,25.0,Max O'Dowd,42,40,9,0,105.0,Colin Ackermann,29,35,4,0,82.85,Sybrand Engelbrecht,58.0,86.0,6.0,0.0,67.44,Scott Edwards(c),0.0,1.0,0.0,0.0,0.0,Bas de Leede,3.0,6.0,0.0,0.0,50.00,Saqib Zulfiqar,3.0,15.0,0.0,0.0,20.0,Logan van Beek,2.0,13.0,0.0,0.0,15.38,Roelof van der Merwe,11.0,33.0,0.0,0.0,33.33,Aryan Dutt,10.0,22.0,0.0,0.0,45.45,Paul van Meekeren,4,24,0,0,16.66
34,Afghanistan,Rahmanullah Gurbaz,10,11,2,0,90.9,Ibrahim Zadran,20,34,2,0,58.82,Rahmat Shah,52,54,8,0,96.29,Hashmatullah Shahidi(c),56.0,64.0,6.0,0.0,87.5,Azmatullah Omarzai,31.0,28.0,3.0,0.0,110.71,Not Applicable,0.0,0.0,0.0,0.0,0.0,Not Applicable,0.0,0.0,0.0,0.0,0.0,Not Applicable,0.0,0.0,0.0,0.0,0.0,Not Applicable,0.0,0.0,0.0,0.0,0.0,Not Applicable,0.0,0.0,0.0,0.0,0.0,Not Applicable,0,0,0,0,0.0
35,New Zealand,Devon Conway,35,39,6,0,89.74,Rachin Ravindra,108,94,15,1,114.89,Kane Williamson(c),95,79,10,2,120.25,Daryl Mitchell,29.0,18.0,4.0,1.0,161.11,Mark Chapman,39.0,27.0,7.0,0.0,144.44,Glenn Phillips,41.0,25.0,4.0,2.0,164.00,Mitchell Santner,26.0,17.0,0.0,2.0,152.94,Tom Latham,2.0,2.0,0.0,0.0,100.0,Not Applicable,0.0,0.0,0.0,0.0,0.0,Not Applicable,0.0,0.0,0.0,0.0,0.0,Not Applicable,0,0,0,0,0.0
35,Pakistan,Abdullah Shafique,4,9,1,0,44.44,Fakhar Zaman,126,81,8,11,155.55,Babar Azam(c),66,63,6,2,104.76,Not Applicable,0.0,0.0,0.0,0.0,0.0,Not Applicable,0.0,0.0,0.0,0.0,0.0,Not Applicable,0.0,0.0,0.0,0.0,0.0,Not Applicable,0.0,0.0,0.0,0.0,0.0,Not Applicable,0.0,0.0,0.0,0.0,0.0,Not Applicable,0.0,0.0,0.0,0.0,0.0,Not Applicable,0.0,0.0,0.0,0.0,0.0,Not Applicable,0,0,0,0,0.0
36,Australia,Travis Head,11,10,1,0,110.0,David Warner,15,16,1,1,93.75,Steven Smith,44,52,3,0,84.61,Marnus Labuschagne,71.0,83.0,7.0,0.0,85.54,Josh Inglis,3.0,6.0,0.0,0.0,50.0,Cameron Green,47.0,52.0,5.0,0.0,90.38,Marcus Stoinis,35.0,32.0,3.0,2.0,109.37,Pat Cummins(c),10.0,13.0,1.0,0.0,76.92,Mitchell Starc,10.0,13.0,0.0,0.0,76.92,Adam Zampa,29.0,19.0,4.0,0.0,152.63,Josh Hazlewood,1,1,0,0,100.00
36,England,Jonny Bairstow,0,1,0,0,0.0,Dawid Malan,50,64,4,1,78.12,Joe Root,13,17,2,0,76.47,Ben Stokes,64.0,90.0,2.0,3.0,71.11,Jos Buttler(c),1.0,7.0,0.0,0.0,14.28,Moeen Ali,42.0,43.0,6.0,0.0,97.67,Liam Livingstone,2.0,5.0,0.0,0.0,40.0,Chris Woakes,32.0,33.0,4.0,1.0,96.96,David Willey,15.0,14.0,3.0,0.0,107.14,Adil Rashid,20.0,15.0,1.0,1.0,133.33,Mark Wood,0,0,0,0,0
37,India,Rohit Sharma(c),40,24,6,2,166.66,Shubman Gill,23,24,4,1,95.83,Virat Kohli,101,121,10,0,83.47,Shreyas Iyer,77.0,87.0,7.0,2.0,88.5,KL Rahul,8.0,17.0,0.0,0.0,47.05,Suryakumar Yadav,22.0,14.0,5.0,0.0,157.14,Ravindra Jadeja,29.0,15.0,3.0,1.0,193.33,Not Applicable,0.0,0.0,0.0,0.0,0.0,Not Applicable,0.0,0.0,0.0,0.0,0.0,Not Applicable,0.0,0.0,0.0,0.0,0.0,Not Applicable,0,0,0,0,0.0
37,South Africa,Quinton de Kock,5,10,1,0,50.0,Temba Bavuma(c),11,19,1,0,57.89,Rassie van der Dussen,13,32,1,0,40.62,Aiden Markram,9.0,6.0,2.0,0.0,150.0,Heinrich Klaasen,1.0,11.0,0.0,0.0,9.09,David Miller,11.0,11.0,2.0,0.0,100.00,Marco Jansen,14.0,30.0,1.0,0.0,46.66,Keshav Maharaj,7.0,11.0,1.0,0.0,63.63,Kagiso Rabada,6.0,26.0,0.0,0.0,23.07,Lungi Ngidi,0.0,3.0,0.0,0.0,0.0,Tabraiz Shamsi,4,4,1,0,100.00
38,Sri Lanka,Pathum Nissanka,41,36,8,0,113.88,Kusal Perera,4,5,1,0,80.0,Kusal Mendis(c),19,30,1,1,63.33,Sadeera Samarawickrama,41.0,42.0,4.0,0.0,97.61,Charith Asalanka,108.0,105.0,6.0,5.0,102.85,Angelo Mathews,0.0,0.0,0.0,0.0,0,Dhananjaya de Silva,34.0,36.0,4.0,1.0,94.44,Maheesh Theekshana,21.0,31.0,3.0,0.0,67.74,Dushmantha Chameera,4.0,9.0,0.0,0.0,44.44,Kasun Rajitha,0.0,2.0,0.0,0.0,0.0,Dilshan Madushanka,0,1,0,0,0.00
38,Bangladesh,Tanzid Hasan,9,5,2,0,180.0,Litton Das,23,22,2,2,104.54,Najmul Hossain Shanto,90,101,12,0,89.1,Shakib Al Hasan(c),82.0,65.0,12.0,2.0,126.15,Mahmudullah,22.0,23.0,3.0,1.0,95.65,Mushfiqur Rahim,10.0,13.0,1.0,0.0,76.92,Towhid Hridoy,15.0,7.0,0.0,2.0,214.28,Mehidy Hasan Miraz,3.0,5.0,0.0,0.0,60.0,Tanzim Hasan Sakib,5.0,6.0,1.0,0.0,83.33,Not Applicable,0.0,0.0,0.0,0.0,0.0,Not Applicable,0,0,0,0,0.0
39,Afghanistan,Rahmanullah Gurbaz,21,25,2,0,84.0,Ibrahim Zadran,129,143,8,3,90.2,Rahmat Shah,30,44,1,0,68.18,Hashmatullah Shahidi(c),26.0,43.0,2.0,0.0,60.46,Azmatullah Omarzai,22.0,18.0,1.0,2.0,122.22,Mohammad Nabi,12.0,10.0,0.0,1.0,120.00,Rashid Khan,35.0,18.0,2.0,3.0,194.44,Not Applicable,0.0,0.0,0.0,0.0,0.0,Not Applicable,0.0,0.0,0.0,0.0,0.0,Not Applicable,0.0,0.0,0.0,0.0,0.0,Not Applicable,0,0,0,0,0.0
39,Australia,David Warner,18,29,3,0,62.06,Travis Head,0,2,0,0,0.0,Mitchell Marsh,24,11,2,2,218.18,Marnus Labuschagne,14.0,28.0,2.0,0.0,50.0,Josh Inglis,0.0,1.0,0.0,0.0,0.0,Glenn Maxwell,201.0,128.0,21.0,10.0,157.03,Marcus Stoinis,6.0,7.0,1.0,0.0,85.71,Mitchell Starc,3.0,7.0,0.0,0.0,42.85,Pat Cummins(c),12.0,68.0,1.0,0.0,17.64,Not Applicable,0.0,0.0,0.0,0.0,0.0,Not Applicable,0,0,0,0,0.0
40,England,Jonny Bairstow,15,17,2,0,88.23,Dawid Malan,87,74,10,2,117.56,Joe Root,28,35,1,0,80.0,Ben Stokes,108.0,84.0,6.0,6.0,128.57,Harry Brook,11.0,16.0,2.0,0.0,68.75,Jos Buttler(c),5.0,11.0,0.0,0.0,45.45,Moeen Ali,4.0,15.0,0.0,0.0,26.66,Chris Woakes,51.0,45.0,5.0,1.0,113.33,David Willey,6.0,2.0,0.0,1.0,300.0,Gus Atkinson,2.0,1.0,0.0,0.0,200.0,Adil Rashid,1,1,0,0,100.00
40,Netherlands,Wesley Barresi,37,62,3,1,59.67,Max O'Dowd,5,11,1,0,45.45,Colin Ackermann,0,2,0,0,0.0,Sybrand Engelbrecht,33.0,49.0,3.0,1.0,67.34,Scott Edwards(c),38.0,42.0,3.0,1.0,90.47,Bas de Leede,10.0,12.0,2.0,0.0,83.33,Teja Nidamanuru,41.0,34.0,2.0,3.0,120.58,Logan van Beek,2.0,2.0,0.0,0.0,100.0,Roelof van der Merwe,0.0,4.0,0.0,0.0,0.0,Aryan Dutt,1.0,3.0,0.0,0.0,33.33,Paul van Meekeren,4,3,1,0,133.33
41,Sri Lanka,Pathum Nissanka,2,8,0,0,25.0,Kusal Perera,51,28,9,2,182.14,Kusal Mendis(c),6,7,1,0,85.71,Sadeera Samarawickrama,1.0,2.0,0.0,0.0,50.0,Charith Asalanka,8.0,8.0,1.0,0.0,100.0,Angelo Mathews,16.0,27.0,2.0,0.0,59.25,Dhananjaya de Silva,19.0,24.0,2.0,1.0,79.16,Chamika Karunaratne,6.0,17.0,1.0,0.0,35.29,Maheesh Theekshana,38.0,91.0,3.0,0.0,41.75,Dushmantha Chameera,1.0,20.0,0.0,0.0,5.0,Dilshan Madushanka,19,48,2,0,39.58
41,New Zealand,Devon Conway,45,42,9,0,107.14,Rachin Ravindra,42,34,3,3,123.52,Kane Williamson(c),14,15,2,0,93.33,Daryl Mitchell,43.0,31.0,5.0,2.0,138.7,Mark Chapman,7.0,6.0,1.0,0.0,116.66,Glenn Phillips,17.0,10.0,3.0,0.0,170.00,Tom Latham,2.0,2.0,0.0,0.0,100.0,Not Applicable,0.0,0.0,0.0,0.0,0.0,Not Applicable,0.0,0.0,0.0,0.0,0.0,Not Applicable,0.0,0.0,0.0,0.0,0.0,Not Applicable,0,0,0,0,0.0
42,Afghanistan,Rahmanullah Gurbaz,25,22,3,1,113.63,Ibrahim Zadran,15,30,3,0,50.0,Rahmat Shah,26,46,2,0,56.52,Hashmatullah Shahidi(c),2.0,7.0,0.0,0.0,28.57,Azmatullah Omarzai,97.0,107.0,7.0,3.0,90.65,Ikram Alikhil,12.0,14.0,1.0,1.0,85.71,Mohammad Nabi,2.0,3.0,0.0,0.0,66.66,Rashid Khan,14.0,30.0,0.0,0.0,46.66,Noor Ahmad,26.0,32.0,4.0,0.0,81.25,Mujeeb Ur Rahman,8.0,5.0,0.0,1.0,160.0,Naveen-ul-Haq,2,4,0,0,50.00
42,South Africa,Quinton de Kock,41,47,2,3,87.23,Temba Bavuma(c),23,28,3,0,82.14,Rassie van der Dussen,76,95,6,1,80.0,Aiden Markram,25.0,32.0,1.0,1.0,78.12,Heinrich Klaasen,10.0,13.0,1.0,0.0,76.92,David Miller,24.0,33.0,1.0,1.0,72.72,Andile Phehlukwayo,39.0,37.0,1.0,3.0,105.4,Not Applicable,0.0,0.0,0.0,0.0,0.0,Not Applicable,0.0,0.0,0.0,0.0,0.0,Not Applicable,0.0,0.0,0.0,0.0,0.0,Not Applicable,0,0,0,0,0.0
43,Bangladesh,Tanzid Hasan,36,34,6,0,105.88,Litton Das,36,45,5,0,80.0,Najmul Hossain Shanto(c),45,57,6,0,78.94,Towhid Hridoy,74.0,79.0,5.0,2.0,93.67,Mahmudullah,32.0,28.0,1.0,3.0,114.28,Mushfiqur Rahim,21.0,24.0,0.0,1.0,87.50,Mehidy Hasan Miraz,29.0,20.0,4.0,0.0,145.0,Nasum Ahmed,7.0,11.0,0.0,0.0,63.63,Mahedi Hasan,2.0,3.0,0.0,0.0,66.66,Taskin Ahmed,0.0,1.0,0.0,0.0,0.0,Not Applicable,0,0,0,0,0.0
43,Australia,Travis Head,10,11,2,0,90.9,David Warner,53,61,6,0,86.88,Mitchell Marsh,177,132,17,9,134.09,Steven Smith,63.0,64.0,4.0,1.0,98.43,Not Applicable,0.0,0.0,0.0,0.0,0.0,Not Applicable,0.0,0.0,0.0,0.0,0.0,Not Applicable,0.0,0.0,0.0,0.0,0.0,Not Applicable,0.0,0.0,0.0,0.0,0.0,Not Applicable,0.0,0.0,0.0,0.0,0.0,Not Applicable,0.0,0.0,0.0,0.0,0.0,Not Applicable,0,0,0,0,0.0
44,England,Dawid Malan,31,39,5,0,79.48,Jonny Bairstow,59,61,7,1,96.72,Joe Root,60,72,4,0,83.33,Ben Stokes,84.0,76.0,11.0,2.0,110.52,Jos Buttler(c),27.0,18.0,3.0,1.0,150.0,Harry Brook,30.0,17.0,2.0,2.0,176.47,Moeen Ali,8.0,6.0,0.0,1.0,133.33,Chris Woakes,4.0,4.0,1.0,0.0,100.0,David Willey,15.0,5.0,2.0,1.0,300.0,Gus Atkinson,0.0,1.0,0.0,0.0,0.0,Adil Rashid,0,1,0,0,0.00
44,Pakistan,Abdullah Shafique,0,2,0,0,0.0,Fakhar Zaman,1,9,0,0,11.11,Babar Azam(c),38,45,6,0,84.44,Mohammad Rizwan,36.0,51.0,2.0,0.0,70.58,Saud Shakeel,29.0,37.0,4.0,0.0,78.37,Agha Salman,51.0,45.0,6.0,1.0,113.33,Iftikhar Ahmed,3.0,5.0,0.0,0.0,60.0,Shadab Khan,4.0,7.0,1.0,0.0,57.14,Shaheen Shah Afridi,25.0,23.0,3.0,1.0,108.69,Mohammad Wasim,16.0,14.0,2.0,1.0,114.28,Haris Rauf,35,23,3,3,152.17
45,India,Rohit Sharma(c),61,54,8,2,112.96,Shubman Gill,51,32,3,4,159.37,Virat Kohli,51,56,5,1,91.07,Shreyas Iyer,128.0,94.0,10.0,5.0,136.17,KL Rahul,102.0,64.0,11.0,4.0,159.37,Suryakumar Yadav,2.0,1.0,0.0,0.0,200.00,Not Applicable,0.0,0.0,0.0,0.0,0.0,Not Applicable,0.0,0.0,0.0,0.0,0.0,Not Applicable,0.0,0.0,0.0,0.0,0.0,Not Applicable,0.0,0.0,0.0,0.0,0.0,Not Applicable,0,0,0,0,0.0
45,Netherlands,Wesley Barresi,4,5,0,0,80.0,Max O'Dowd,30,42,3,1,71.42,Colin Ackermann,35,32,6,0,109.37,Sybrand Engelbrecht,45.0,80.0,4.0,0.0,56.25,Scott Edwards(c),17.0,30.0,1.0,0.0,56.66,Bas de Leede,12.0,21.0,1.0,0.0,57.14,Teja Nidamanuru,54.0,39.0,1.0,6.0,138.46,Logan van Beek,16.0,15.0,2.0,0.0,106.66,Roelof van der Merwe,16.0,8.0,1.0,2.0,200.0,Aryan Dutt,5.0,11.0,0.0,0.0,45.45,Paul van Meekeren,3,4,0,0,75.00
46,India,Rohit Sharma(c),47,29,4,4,162.06,Shubman Gill,80,66,8,3,121.21,Virat Kohli,117,113,9,2,103.53,Shreyas Iyer,105.0,70.0,4.0,8.0,150.0,KL Rahul,39.0,20.0,5.0,2.0,195.0,Suryakumar Yadav,1.0,2.0,0.0,0.0,50.00,Not Applicable,0.0,0.0,0.0,0.0,0.0,Not Applicable,0.0,0.0,0.0,0.0,0.0,Not Applicable,0.0,0.0,0.0,0.0,0.0,Not Applicable,0.0,0.0,0.0,0.0,0.0,Not Applicable,0,0,0,0,0.0
46,New Zealand,Devon Conway,13,15,3,0,86.66,Rachin Ravindra,13,22,3,0,59.09,Kane Williamson(c),69,73,8,1,94.52,Daryl Mitchell,134.0,119.0,9.0,7.0,112.6,Tom Latham,0.0,2.0,0.0,0.0,0.0,Glenn Phillips,41.0,33.0,4.0,2.0,124.24,Mark Chapman,2.0,5.0,0.0,0.0,40.0,Mitchell Santner,9.0,10.0,0.0,0.0,90.0,Tim Southee,9.0,10.0,1.0,0.0,90.0,Trent Boult,2.0,2.0,0.0,0.0,100.0,Lockie Ferguson,6,3,0,1,200.00
47,South Africa,Quinton de Kock,3,14,0,0,21.42,Temba Bavuma(c),0,4,0,0,0.0,Rassie van der Dussen,6,31,0,0,19.35,Aiden Markram,10.0,20.0,2.0,0.0,50.0,Heinrich Klaasen,47.0,48.0,4.0,2.0,97.91,David Miller,101.0,116.0,8.0,5.0,87.06,Marco Jansen,0.0,1.0,0.0,0.0,0.0,Gerald Coetzee,19.0,39.0,2.0,0.0,48.71,Keshav Maharaj,4.0,8.0,0.0,0.0,50.0,Kagiso Rabada,10.0,12.0,0.0,1.0,83.33,Tabraiz Shamsi,1,5,0,0,20.00
47,Australia,Travis Head,62,48,9,2,129.16,David Warner,29,18,1,4,161.11,Mitchell Marsh,0,6,0,0,0.0,Steven Smith,30.0,62.0,2.0,0.0,48.38,Marnus Labuschagne,18.0,31.0,2.0,0.0,58.06,Glenn Maxwell,1.0,5.0,0.0,0.0,20.00,Josh Inglis,28.0,49.0,3.0,0.0,57.14,Mitchell Starc,16.0,38.0,2.0,0.0,42.1,Pat Cummins(c),14.0,29.0,2.0,0.0,48.27,Not Applicable,0.0,0.0,0.0,0.0,0.0,Not Applicable,0,0,0,0,0.0
48,India,Rohit Sharma(c),47,31,4,3,151.61,Shubman Gill,4,7,0,0,57.14,Virat Kohli,54,63,4,0,85.71,Shreyas Iyer,4.0,3.0,1.0,0.0,133.33,KL Rahul,66.0,107.0,1.0,0.0,61.68,Ravindra Jadeja,9.0,22.0,0.0,0.0,40.90,Suryakumar Yadav,18.0,28.0,1.0,0.0,64.28,Mohammed Shami,6.0,10.0,1.0,0.0,60.0,Jasprit Bumrah,1.0,3.0,0.0,0.0,33.33,Kuldeep Yadav,10.0,18.0,0.0,0.0,55.55,Mohammed Siraj,9,8,1,0,112.50
48,Australia,David Warner,7,3,1,0,233.33,Travis Head,137,120,15,4,114.16,Mitchell Marsh,15,15,1,1,100.0,Steven Smith,4.0,9.0,1.0,0.0,44.44,Marnus Labuschagne,58.0,110.0,4.0,0.0,52.72,Glenn Maxwell,2.0,1.0,0.0,0.0,200.00,Not Applicable,0.0,0.0,0.0,0.0,0.0,Not Applicable,0.0,0.0,0.0,0.0,0.0,Not Applicable,0.0,0.0,0.0,0.0,0.0,Not Applicable,0.0,0.0,0.0,0.0,0.0,Not Applicable,0,0,0,0,0.0
