Match,Team,Bowler Name,Overs,Maidens,Runs Conceded,Economy,0s,4s,6s,WD,NB
1,New Zealand,Trent Boult,10.0,1.0,48.0,4.8,34.0,3.0,2.0,1.0,0.0
1,New Zealand,Matt Henry,10.0,1.0,48.0,4.8,31.0,6.0,0.0,0.0,0.0
1,New Zealand,Mitchell Santner,10.0,0.0,37.0,3.7,26.0,0.0,0.0,1.0,0.0
1,New Zealand,James Neesham,7.0,0.0,56.0,8.0,15.0,5.0,2.0,2.0,0.0
1,New Zealand,Rachin Ravindra,10.0,0.0,76.0,7.6,14.0,6.0,2.0,0.0,0.0
1,New Zealand,Glenn Phillips,3.0,0.0,17.0,5.66,5.0,1.0,0.0,0.0,0.0
1,England,Chris Woakes,6.0,0.0,45.0,7.5,18.0,7.0,1.0,0.0,0.0
1,England,Sam Curran,6.0,2.0,47.0,7.83,17.0,6.0,1.0,2.0,0.0
1,England,Mark Wood,5.0,0.0,55.0,11.0,9.0,7.0,2.0,1.0,0.0
1,England,Moeen Ali,9.2,0.0,60.0,6.42,20.0,2.0,3.0,0.0,0.0
1,England,Adil Rashid,7.0,0.0,47.0,6.71,15.0,4.0,1.0,0.0,0.0
1,England,Liam Livingstone,3.0,0.0,24.0,8.0,7.0,4.0,0.0,0.0,0.0
2,Netherlands,Aryan Dutt,10.0,0.0,48.0,4.8,37.0,7.0,0.0,2.0,0.0
2,Netherlands,Logan van Beek,6.0,0.0,30.0,5.0,20.0,4.0,0.0,1.0,0.0
2,Netherlands,Colin Ackermann,8.0,1.0,39.0,4.87,26.0,1.0,2.0,0.0,0.0
2,Netherlands,Paul van Meekeren,6.0,0.0,40.0,6.66,16.0,5.0,0.0,2.0,0.0
2,Netherlands,Bas de Leede,9.0,0.0,62.0,6.88,22.0,9.0,0.0,3.0,0.0
2,Netherlands,Roelof van der Merwe,6.0,0.0,36.0,6.0,14.0,2.0,1.0,0.0,1.0
2,Netherlands,Vikramjit Singh,2.0,0.0,16.0,8.0,5.0,3.0,0.0,0.0,0.0
2,Netherlands,Saqib Zulfiqar,2.0,0.0,15.0,7.5,3.0,2.0,0.0,0.0,0.0
2,Pakistan,Shaheen Shah Afridi,7.0,0.0,37.0,5.28,26.0,5.0,0.0,2.0,0.0
2,Pakistan,Hasan Ali,7.0,1.0,33.0,4.71,31.0,6.0,0.0,4.0,0.0
2,Pakistan,Haris Rauf,9.0,0.0,43.0,4.77,33.0,5.0,1.0,2.0,0.0
2,Pakistan,Iftikhar Ahmed,3.0,0.0,16.0,5.33,7.0,1.0,0.0,0.0,0.0
2,Pakistan,Mohammad Nawaz,7.0,0.0,31.0,4.42,23.0,2.0,1.0,0.0,0.0
2,Pakistan,Shadab Khan,8.0,0.0,45.0,5.62,23.0,1.0,2.0,1.0,0.0
3,Bangladesh,Taskin Ahmed,6.0,0.0,32.0,5.33,23.0,3.0,1.0,1.0,0.0
3,Bangladesh,Shoriful Islam,6.2,1.0,34.0,5.36,23.0,5.0,0.0,2.0,0.0
3,Bangladesh,Mustafizur Rahman,7.0,1.0,28.0,4.0,26.0,2.0,1.0,0.0,0.0
3,Bangladesh,Shakib Al Hasan,8.0,0.0,30.0,3.75,28.0,3.0,0.0,0.0,0.0
3,Bangladesh,Mehidy Hasan Miraz,9.0,3.0,25.0,2.77,38.0,1.0,0.0,1.0,0.0
3,Bangladesh,Mahmudullah,1.0,0.0,7.0,7.0,3.0,1.0,0.0,0.0,0.0
3,Afghanistan,Fazalhaq Farooqi,5.0,0.0,19.0,3.8,22.0,2.0,0.0,2.0,0.0
3,Afghanistan,Mujeeb Ur Rahman,7.0,0.0,30.0,4.28,26.0,3.0,1.0,0.0,0.0
3,Afghanistan,Naveen-ul-Haq,5.4,0.0,31.0,5.47,14.0,2.0,0.0,1.0,1.0
3,Afghanistan,Rashid Khan,9.0,0.0,48.0,5.33,24.0,5.0,0.0,0.0,0.0
3,Afghanistan,Mohammad Nabi,6.0,1.0,18.0,3.0,20.0,0.0,0.0,1.0,0.0
3,Afghanistan,Azmatullah Omarzai,2.0,0.0,9.0,4.5,7.0,1.0,0.0,0.0,0.0
4,Sri Lanka,Kasun Rajitha,10.0,1.0,90.0,9.0,24.0,8.0,5.0,2.0,0.0
4,Sri Lanka,Dilshan Madushanka,10.0,0.0,86.0,8.6,25.0,12.0,1.0,3.0,1.0
4,Sri Lanka,Dasun Shanaka,6.0,0.0,36.0,6.0,10.0,1.0,1.0,0.0,0.0
4,Sri Lanka,Dhananjaya de Silva,4.0,0.0,39.0,9.75,9.0,4.0,2.0,1.0,0.0
4,Sri Lanka,Matheesha Pathirana,10.0,0.0,95.0,9.5,22.0,10.0,2.0,5.0,0.0
4,Sri Lanka,Dunith Wellalage,10.0,0.0,81.0,8.1,27.0,10.0,3.0,2.0,0.0
4,South Africa,Lungi Ngidi,8.0,1.0,49.0,6.12,30.0,3.0,4.0,2.0,0.0
4,South Africa,Marco Jansen,10.0,0.0,92.0,9.2,31.0,10.0,6.0,3.0,0.0
4,South Africa,Kagiso Rabada,7.5,0.0,50.0,6.38,22.0,3.0,2.0,2.0,1.0
4,South Africa,Keshav Maharaj,10.0,0.0,62.0,6.2,33.0,6.0,2.0,2.0,0.0
4,South Africa,Gerald Coetzee,9.0,0.0,68.0,7.55,26.0,7.0,3.0,1.0,0.0
5,India,Jasprit Bumrah,10.0,0.0,35.0,3.5,41.0,1.0,1.0,4.0,0.0
5,India,Mohammed Siraj,6.3,1.0,26.0,4.0,26.0,3.0,0.0,2.0,0.0
5,India,Hardik Pandya,3.0,0.0,28.0,9.33,8.0,6.0,0.0,0.0,0.0
5,India,Ravichandran Ashwin,10.0,1.0,34.0,3.4,32.0,2.0,0.0,0.0,0.0
5,India,Kuldeep Yadav,10.0,0.0,42.0,4.2,31.0,2.0,1.0,0.0,0.0
5,India,Ravindra Jadeja,10.0,2.0,28.0,2.8,38.0,2.0,0.0,0.0,0.0
5,Australia,Mitchell Starc,8.0,0.0,31.0,3.87,28.0,2.0,0.0,3.0,0.0
5,Australia,Josh Hazlewood,9.0,1.0,38.0,4.22,33.0,3.0,1.0,1.0,0.0
5,Australia,Pat Cummins,6.2,0.0,33.0,5.21,19.0,2.0,1.0,1.0,1.0
5,Australia,Glenn Maxwell,8.0,0.0,33.0,4.12,24.0,1.0,1.0,0.0,0.0
5,Australia,Cameron Green,2.0,0.0,11.0,5.5,7.0,2.0,0.0,0.0,0.0
5,Australia,Adam Zampa,8.0,0.0,53.0,6.62,13.0,4.0,0.0,0.0,0.0
6,Netherlands,Aryan Dutt,10.0,2.0,62.0,6.2,31.0,3.0,3.0,1.0,0.0
6,Netherlands,Ryan Klein,7.0,1.0,41.0,5.85,25.0,7.0,0.0,1.0,0.0
6,Netherlands,Paul van Meekeren,9.0,0.0,59.0,6.55,28.0,7.0,2.0,0.0,1.0
6,Netherlands,Roelof van der Merwe,9.0,0.0,56.0,6.22,20.0,5.0,1.0,0.0,0.0
6,Netherlands,Colin Ackermann,4.0,0.0,28.0,7.0,9.0,1.0,2.0,0.0,0.0
6,Netherlands,Bas de Leede,10.0,0.0,64.0,6.4,28.0,6.0,2.0,0.0,1.0
6,Netherlands,Vikramjit Singh,1.0,0.0,9.0,9.0,1.0,1.0,0.0,0.0,0.0
6,New Zealand,Trent Boult,8.0,0.0,34.0,4.25,29.0,3.0,0.0,1.0,0.0
6,New Zealand,Matt Henry,8.3,0.0,40.0,4.7,29.0,4.0,0.0,0.0,0.0
6,New Zealand,Mitchell Santner,10.0,0.0,59.0,5.9,30.0,4.0,2.0,0.0,0.0
6,New Zealand,Lockie Ferguson,8.0,0.0,32.0,4.0,31.0,5.0,0.0,0.0,0.0
6,New Zealand,Rachin Ravindra,10.0,0.0,46.0,4.6,30.0,3.0,1.0,0.0,1.0
6,New Zealand,Glenn Phillips,2.0,0.0,11.0,5.5,2.0,0.0,0.0,0.0,0.0
7,Bangladesh,Mustafizur Rahman,10.0,0.0,70.0,7.0,26.0,6.0,3.0,0.0,0.0
7,Bangladesh,Taskin Ahmed,6.0,0.0,38.0,6.33,19.0,4.0,1.0,2.0,0.0
7,Bangladesh,Shoriful Islam,10.0,0.0,75.0,7.5,25.0,11.0,0.0,1.0,0.0
7,Bangladesh,Mahedi Hasan,8.0,0.0,71.0,8.87,17.0,10.0,1.0,0.0,0.0
7,Bangladesh,Shakib Al Hasan,10.0,0.0,52.0,5.2,25.0,4.0,0.0,1.0,0.0
7,Bangladesh,Mehidy Hasan Miraz,6.0,0.0,55.0,9.16,10.0,6.0,2.0,0.0,0.0
7,England,Chris Woakes,8.0,0.0,49.0,6.12,24.0,6.0,0.0,0.0,0.0
7,England,Reece Topley,10.0,1.0,43.0,4.3,35.0,3.0,1.0,0.0,0.0
7,England,Sam Curran,7.2,0.0,47.0,6.4,15.0,5.0,0.0,2.0,0.0
7,England,Mark Wood,10.0,0.0,29.0,2.9,38.0,2.0,0.0,1.0,0.0
7,England,Adil Rashid,10.0,0.0,42.0,4.2,31.0,1.0,1.0,0.0,0.0
7,England,Liam Livingstone,3.0,0.0,13.0,4.33,11.0,0.0,1.0,0.0,0.0
8,Pakistan,Shaheen Shah Afridi,9.0,0.0,66.0,7.33,27.0,9.0,1.0,4.0,0.0
8,Pakistan,Hasan Ali,10.0,0.0,71.0,7.1,32.0,6.0,4.0,3.0,1.0
8,Pakistan,Mohammad Nawaz,9.0,0.0,62.0,6.88,23.0,7.0,1.0,0.0,0.0
8,Pakistan,Haris Rauf,10.0,0.0,64.0,6.4,30.0,6.0,2.0,1.0,0.0
8,Pakistan,Shadab Khan,8.0,0.0,55.0,6.87,20.0,6.0,1.0,0.0,0.0
8,Pakistan,Iftikhar Ahmed,4.0,0.0,22.0,5.5,11.0,2.0,0.0,1.0,0.0
8,Sri Lanka,Maheesh Theekshana,10.0,0.0,59.0,5.9,23.0,3.0,0.0,1.0,0.0
8,Sri Lanka,Dilshan Madushanka,9.2,0.0,60.0,6.42,27.0,5.0,1.0,2.0,1.0
8,Sri Lanka,Dasun Shanaka,5.0,0.0,28.0,5.6,10.0,2.0,0.0,0.0,0.0
8,Sri Lanka,Matheesha Pathirana,9.0,0.0,90.0,10.0,14.0,8.0,1.0,9.0,0.0
8,Sri Lanka,Dunith Wellalage,10.0,0.0,62.0,6.2,24.0,4.0,2.0,0.0,0.0
8,Sri Lanka,Dhananjaya de Silva,4.0,0.0,36.0,9.0,7.0,3.0,2.0,0.0,0.0
8,Sri Lanka,Charith Asalanka,1.0,0.0,10.0,10.0,1.0,1.0,0.0,0.0,0.0
9,India,Jasprit Bumrah,10.0,0.0,39.0,3.9,41.0,5.0,0.0,3.0,0.0
9,India,Mohammed Siraj,9.0,0.0,76.0,8.44,23.0,12.0,1.0,1.0,0.0
9,India,Hardik Pandya,7.0,0.0,43.0,6.14,23.0,5.0,1.0,2.0,0.0
9,India,Shardul Thakur,6.0,0.0,31.0,5.16,21.0,2.0,1.0,1.0,1.0
9,India,Kuldeep Yadav,10.0,0.0,40.0,4.0,35.0,0.0,3.0,0.0,0.0
9,India,Ravindra Jadeja,8.0,0.0,38.0,4.75,22.0,1.0,1.0,0.0,1.0
9,Afghanistan,Fazalhaq Farooqi,6.0,0.0,50.0,8.33,17.0,6.0,2.0,1.0,0.0
9,Afghanistan,Mujeeb Ur Rahman,8.0,0.0,64.0,8.0,18.0,6.0,1.0,3.0,0.0
9,Afghanistan,Naveen-ul-Haq,5.0,0.0,31.0,6.2,16.0,4.0,1.0,0.0,0.0
9,Afghanistan,Azmatullah Omarzai,4.0,0.0,34.0,8.5,12.0,5.0,1.0,1.0,0.0
9,Afghanistan,Mohammad Nabi,4.0,0.0,32.0,8.0,11.0,3.0,2.0,0.0,0.0
9,Afghanistan,Rashid Khan,8.0,0.0,57.0,7.12,12.0,4.0,1.0,1.0,0.0
10,Australia,Mitchell Starc,9.0,1.0,53.0,5.88,29.0,3.0,3.0,1.0,0.0
10,Australia,Josh Hazlewood,9.0,0.0,60.0,6.66,30.0,7.0,2.0,3.0,0.0
10,Australia,Glenn Maxwell,10.0,1.0,34.0,3.4,32.0,0.0,0.0,2.0,0.0
10,Australia,Pat Cummins,9.0,0.0,71.0,7.88,19.0,6.0,3.0,0.0,0.0
10,Australia,Adam Zampa,10.0,0.0,70.0,7.0,20.0,9.0,0.0,1.0,0.0
10,Australia,Mitchell Marsh,1.0,0.0,6.0,6.0,1.0,0.0,0.0,0.0,0.0
10,Australia,Marcus Stoinis,2.0,0.0,11.0,5.5,5.0,1.0,0.0,0.0,0.0
10,South Africa,Lungi Ngidi,8.0,2.0,18.0,2.25,35.0,0.0,0.0,1.0,0.0
10,South Africa,Marco Jansen,7.0,0.0,54.0,7.71,24.0,8.0,0.0,3.0,1.0
10,South Africa,Kagiso Rabada,8.0,1.0,33.0,4.12,35.0,5.0,0.0,1.0,1.0
10,South Africa,Keshav Maharaj,10.0,0.0,30.0,3.0,40.0,2.0,0.0,2.0,0.0
10,South Africa,Tabraiz Shamsi,7.5,0.0,38.0,4.85,24.0,4.0,0.0,0.0,0.0
11,New Zealand,Trent Boult,10.0,0.0,45.0,4.5,37.0,5.0,1.0,2.0,0.0
11,New Zealand,Matt Henry,10.0,0.0,58.0,5.8,27.0,6.0,0.0,0.0,1.0
11,New Zealand,Lockie Ferguson,10.0,0.0,49.0,4.9,44.0,4.0,3.0,2.0,2.0
11,New Zealand,Mitchell Santner,10.0,1.0,31.0,3.1,36.0,2.0,0.0,0.0,0.0
11,New Zealand,Glenn Phillips,2.0,0.0,13.0,6.5,8.0,1.0,1.0,0.0,1.0
11,New Zealand,Rachin Ravindra,7.0,0.0,37.0,5.28,22.0,2.0,2.0,0.0,0.0
11,New Zealand,Daryl Mitchell,1.0,0.0,11.0,11.0,1.0,0.0,1.0,0.0,0.0
11,Bangladesh,Mustafizur Rahman,8.0,0.0,36.0,4.5,26.0,3.0,0.0,3.0,0.0
11,Bangladesh,Shoriful Islam,7.5,1.0,43.0,5.48,30.0,5.0,1.0,3.0,0.0
11,Bangladesh,Taskin Ahmed,8.0,0.0,56.0,7.0,20.0,6.0,1.0,3.0,0.0
11,Bangladesh,Shakib Al Hasan,10.0,0.0,54.0,5.4,30.0,2.0,3.0,0.0,0.0
11,Bangladesh,Mehidy Hasan Miraz,9.0,0.0,58.0,6.44,17.0,4.0,1.0,1.0,0.0
12,India,Jasprit Bumrah,7.0,1.0,19.0,2.71,33.0,3.0,0.0,1.0,0.0
12,India,Mohammed Siraj,8.0,0.0,50.0,6.25,22.0,7.0,0.0,0.0,0.0
12,India,Hardik Pandya,6.0,0.0,34.0,5.66,20.0,6.0,0.0,0.0,0.0
12,India,Kuldeep Yadav,10.0,0.0,35.0,3.5,38.0,4.0,0.0,0.0,0.0
12,India,Ravindra Jadeja,9.5,0.0,38.0,3.86,35.0,4.0,0.0,0.0,0.0
12,India,Shardul Thakur,2.0,0.0,12.0,6.0,6.0,2.0,0.0,0.0,0.0
12,Pakistan,Shaheen Shah Afridi,6.0,0.0,36.0,6.0,21.0,5.0,1.0,1.0,0.0
12,Pakistan,Hasan Ali,6.0,0.0,34.0,5.66,23.0,7.0,0.0,0.0,0.0
12,Pakistan,Mohammad Nawaz,8.3,0.0,47.0,5.52,23.0,3.0,2.0,0.0,0.0
12,Pakistan,Haris Rauf,6.0,0.0,43.0,7.16,14.0,1.0,3.0,0.0,0.0
12,Pakistan,Shadab Khan,4.0,0.0,31.0,7.75,10.0,2.0,2.0,0.0,0.0
13,England,Chris Woakes,4.0,0.0,41.0,10.25,13.0,4.0,2.0,2.0,0.0
13,England,Reece Topley,8.5,1.0,52.0,5.88,30.0,5.0,1.0,3.0,1.0
13,England,Sam Curran,4.0,0.0,46.0,11.5,9.0,5.0,2.0,0.0,2.0
13,England,Adil Rashid,10.0,1.0,42.0,4.2,29.0,1.0,1.0,1.0,0.0
13,England,Mark Wood,9.0,0.0,50.0,5.55,27.0,5.0,1.0,0.0,0.0
13,England,Liam Livingstone,10.0,0.0,33.0,3.3,31.0,1.0,0.0,0.0,0.0
13,England,Joe Root,4.0,0.0,19.0,4.75,16.0,2.0,1.0,0.0,0.0
13,Afghanistan,Mujeeb Ur Rahman,10.0,1.0,51.0,5.1,31.0,2.0,1.0,1.0,0.0
13,Afghanistan,Fazalhaq Farooqi,7.0,0.0,50.0,7.14,23.0,9.0,0.0,2.0,0.0
13,Afghanistan,Naveen-ul-Haq,6.0,1.0,44.0,7.33,17.0,8.0,0.0,0.0,1.0
13,Afghanistan,Mohammad Nabi,6.0,0.0,16.0,2.66,23.0,0.0,0.0,1.0,0.0
13,Afghanistan,Rashid Khan,9.3,1.0,37.0,3.89,30.0,3.0,0.0,0.0,0.0
13,Afghanistan,Azmatullah Omarzai,2.0,0.0,13.0,6.5,5.0,2.0,0.0,0.0,0.0
14,Australia,Mitchell Starc,10.0,0.0,43.0,4.3,37.0,5.0,0.0,4.0,0.0
14,Australia,Josh Hazlewood,7.0,1.0,36.0,5.14,28.0,6.0,0.0,1.0,0.0
14,Australia,Pat Cummins,7.0,0.0,32.0,4.57,24.0,4.0,0.0,1.0,0.0
14,Australia,Glenn Maxwell,9.3,0.0,36.0,3.78,30.0,2.0,0.0,1.0,0.0
14,Australia,Adam Zampa,8.0,1.0,47.0,5.87,26.0,5.0,1.0,2.0,0.0
14,Australia,Marcus Stoinis,2.0,0.0,11.0,5.5,5.0,1.0,0.0,0.0,0.0
14,Sri Lanka,Lahiru Kumara,4.0,0.0,47.0,11.75,8.0,5.0,2.0,0.0,0.0
14,Sri Lanka,Dilshan Madushanka,9.0,2.0,38.0,4.22,34.0,5.0,0.0,1.0,0.0
14,Sri Lanka,Maheesh Theekshana,7.0,0.0,49.0,7.0,19.0,5.0,2.0,0.0,0.0
14,Sri Lanka,Dunith Wellalage,9.2,0.0,53.0,5.67,29.0,6.0,1.0,0.0,0.0
14,Sri Lanka,Chamika Karunaratne,3.0,0.0,15.0,5.0,9.0,1.0,0.0,2.0,0.0
14,Sri Lanka,Dhananjaya de Silva,3.0,0.0,13.0,4.33,8.0,0.0,0.0,0.0,0.0
15,South Africa,Lungi Ngidi,9.0,1.0,57.0,6.33,31.0,5.0,1.0,6.0,1.0
15,South Africa,Marco Jansen,8.0,1.0,27.0,3.37,36.0,3.0,0.0,6.0,0.0
15,South Africa,Kagiso Rabada,9.0,1.0,56.0,6.22,30.0,5.0,2.0,3.0,0.0
15,South Africa,Gerald Coetzee,8.0,0.0,57.0,7.12,25.0,5.0,3.0,2.0,0.0
15,South Africa,Keshav Maharaj,9.0,0.0,38.0,4.22,34.0,5.0,0.0,0.0,0.0
15,Netherlands,Aryan Dutt,5.0,1.0,19.0,3.8,21.0,3.0,0.0,0.0,0.0
15,Netherlands,Logan van Beek,8.5,0.0,60.0,6.79,30.0,7.0,2.0,1.0,1.0
15,Netherlands,Colin Ackermann,3.0,0.0,16.0,5.33,13.0,2.0,1.0,0.0,0.0
15,Netherlands,Paul van Meekeren,9.0,0.0,40.0,4.44,33.0,4.0,1.0,0.0,0.0
15,Netherlands,Roelof van der Merwe,9.0,0.0,34.0,3.77,29.0,1.0,1.0,0.0,0.0
15,Netherlands,Bas de Leede,8.0,0.0,36.0,4.5,28.0,3.0,0.0,4.0,0.0
16,Afghanistan,Mujeeb Ur Rahman,10.0,0.0,57.0,5.7,32.0,4.0,2.0,1.0,0.0
16,Afghanistan,Fazalhaq Farooqi,7.0,1.0,39.0,5.57,23.0,2.0,2.0,2.0,0.0
16,Afghanistan,Naveen-ul-Haq,8.0,0.0,48.0,6.0,17.0,4.0,0.0,0.0,0.0
16,Afghanistan,Mohammad Nabi,8.0,1.0,41.0,5.12,30.0,1.0,4.0,0.0,0.0
16,Afghanistan,Rashid Khan,10.0,0.0,43.0,4.3,35.0,4.0,0.0,2.0,0.0
16,Afghanistan,Azmatullah Omarzai,7.0,0.0,56.0,8.0,17.0,4.0,3.0,0.0,1.0
16,New Zealand,Trent Boult,7.0,1.0,18.0,2.57,32.0,1.0,0.0,2.0,0.0
16,New Zealand,Matt Henry,5.0,2.0,16.0,3.2,22.0,1.0,1.0,0.0,0.0
16,New Zealand,Mitchell Santner,7.4,0.0,39.0,5.08,24.0,3.0,1.0,1.0,0.0
16,New Zealand,Lockie Ferguson,7.0,1.0,19.0,2.71,32.0,2.0,0.0,1.0,0.0
16,New Zealand,Glenn Phillips,3.0,0.0,13.0,4.33,7.0,0.0,0.0,1.0,0.0
16,New Zealand,Rachin Ravindra,5.0,0.0,34.0,6.8,11.0,4.0,0.0,0.0,0.0
17,India,Jasprit Bumrah,10.0,1.0,41.0,4.1,39.0,2.0,2.0,1.0,0.0
17,India,Mohammed Siraj,10.0,0.0,60.0,6.0,34.0,8.0,1.0,3.0,0.0
17,India,Hardik Pandya,0.3,0.0,8.0,16.0,1.0,2.0,0.0,0.0,0.0
17,India,Virat Kohli,0.3,0.0,2.0,4.0,1.0,0.0,0.0,0.0,0.0
17,India,Shardul Thakur,9.0,0.0,59.0,6.55,23.0,3.0,3.0,0.0,0.0
17,India,Kuldeep Yadav,10.0,0.0,47.0,4.7,25.0,1.0,1.0,1.0,0.0
17,India,Ravindra Jadeja,10.0,0.0,38.0,3.8,36.0,2.0,1.0,0.0,0.0
17,Bangladesh,Shoriful Islam,8.0,0.0,54.0,6.75,25.0,6.0,2.0,0.0,0.0
17,Bangladesh,Mustafizur Rahman,5.0,0.0,29.0,5.8,17.0,5.0,0.0,0.0,0.0
17,Bangladesh,Nasum Ahmed,9.3,0.0,60.0,6.31,30.0,4.0,4.0,0.0,0.0
17,Bangladesh,Hasan Mahmud,8.0,0.0,65.0,8.12,22.0,5.0,3.0,1.0,2.0
17,Bangladesh,Mehidy Hasan Miraz,10.0,0.0,47.0,4.7,24.0,3.0,0.0,1.0,0.0
17,Bangladesh,Mahmudullah,1.0,0.0,6.0,6.0,0.0,0.0,0.0,0.0,0.0
18,Pakistan,Shaheen Shah Afridi,10.0,1.0,54.0,5.4,39.0,4.0,3.0,3.0,0.0
18,Pakistan,Hasan Ali,8.0,0.0,57.0,7.12,26.0,4.0,3.0,3.0,0.0
18,Pakistan,Iftikhar Ahmed,8.0,0.0,37.0,4.62,30.0,4.0,1.0,2.0,0.0
18,Pakistan,Haris Rauf,8.0,0.0,83.0,10.37,18.0,8.0,5.0,3.0,0.0
18,Pakistan,Usama Mir,9.0,0.0,82.0,9.11,19.0,6.0,5.0,2.0,0.0
18,Pakistan,Mohammad Nawaz,7.0,0.0,43.0,6.14,20.0,3.0,2.0,0.0,0.0
18,Australia,Mitchell Starc,8.0,0.0,65.0,8.12,22.0,10.0,0.0,6.0,0.0
18,Australia,Josh Hazlewood,10.0,1.0,37.0,3.7,40.0,5.0,0.0,1.0,0.0
18,Australia,Pat Cummins,7.3,0.0,62.0,8.26,22.0,6.0,4.0,0.0,0.0
18,Australia,Adam Zampa,10.0,0.0,53.0,5.3,25.0,3.0,1.0,1.0,0.0
18,Australia,Glenn Maxwell,5.0,0.0,40.0,8.0,10.0,6.0,0.0,0.0,0.0
18,Australia,Marcus Stoinis,5.0,0.0,40.0,8.0,10.0,4.0,1.0,3.0,0.0
19,Sri Lanka,Dilshan Madushanka,9.4,1.0,49.0,5.06,33.0,4.0,0.0,3.0,1.0
19,Sri Lanka,Kasun Rajitha,9.0,0.0,50.0,5.55,32.0,5.0,0.0,6.0,0.0
19,Sri Lanka,Chamika Karunaratne,9.0,1.0,58.0,6.44,25.0,1.0,2.0,6.0,0.0
19,Sri Lanka,Maheesh Theekshana,10.0,0.0,44.0,4.4,28.0,0.0,0.0,2.0,0.0
19,Sri Lanka,Dushan Hemantha,8.0,0.0,42.0,5.25,23.0,3.0,1.0,0.0,0.0
19,Sri Lanka,Dhananjaya de Silva,4.0,0.0,13.0,3.25,16.0,0.0,0.0,3.0,0.0
19,Netherlands,Aryan Dutt,10.0,0.0,44.0,4.4,38.0,3.0,1.0,2.0,0.0
19,Netherlands,Logan van Beek,10.0,0.0,57.0,5.7,36.0,6.0,2.0,0.0,0.0
19,Netherlands,Paul van Meekeren,8.0,1.0,39.0,4.87,29.0,4.0,0.0,2.0,0.0
19,Netherlands,Bas de Leede,3.0,0.0,29.0,9.66,7.0,4.0,0.0,2.0,0.0
19,Netherlands,Roelof van der Merwe,9.0,0.0,42.0,4.66,25.0,3.0,0.0,1.0,0.0
19,Netherlands,Colin Ackermann,8.2,0.0,39.0,4.68,25.0,3.0,0.0,0.0,0.0
20,England,Reece Topley,8.5,0.0,88.0,9.96,23.0,10.0,4.0,4.0,0.0
20,England,David Willey,9.0,1.0,61.0,6.77,27.0,6.0,2.0,3.0,1.0
20,England,Joe Root,6.1,0.0,48.0,7.78,6.0,2.0,2.0,0.0,0.0
20,England,Gus Atkinson,9.0,0.0,60.0,6.66,27.0,6.0,2.0,1.0,0.0
20,England,Mark Wood,7.0,0.0,76.0,10.85,9.0,10.0,2.0,1.0,0.0
20,England,Adil Rashid,10.0,0.0,61.0,6.1,20.0,4.0,1.0,0.0,0.0
20,South Africa,Lungi Ngidi,5.0,1.0,26.0,5.2,23.0,2.0,2.0,3.0,0.0
20,South Africa,Marco Jansen,5.0,0.0,35.0,7.0,19.0,4.0,2.0,1.0,0.0
20,South Africa,Kagiso Rabada,6.0,1.0,38.0,6.33,24.0,6.0,1.0,0.0,1.0
20,South Africa,Gerald Coetzee,4.0,0.0,35.0,8.75,13.0,5.0,1.0,1.0,0.0
20,South Africa,Keshav Maharaj,2.0,0.0,27.0,13.5,4.0,1.0,3.0,0.0,0.0
21,India,Jasprit Bumrah,10.0,1.0,45.0,4.5,34.0,5.0,0.0,0.0,0.0
21,India,Mohammed Siraj,10.0,1.0,45.0,4.5,34.0,3.0,1.0,4.0,0.0
21,India,Mohammed Shami,10.0,0.0,54.0,5.4,32.0,6.0,1.0,0.0,0.0
21,India,Ravindra Jadeja,10.0,0.0,48.0,4.8,28.0,2.0,1.0,0.0,0.0
21,India,Kuldeep Yadav,10.0,0.0,73.0,7.3,25.0,3.0,4.0,3.0,0.0
21,New Zealand,Trent Boult,10.0,0.0,60.0,6.0,33.0,6.0,2.0,1.0,0.0
21,New Zealand,Matt Henry,9.0,0.0,55.0,6.11,31.0,7.0,2.0,0.0,0.0
21,New Zealand,Mitchell Santner,10.0,0.0,37.0,3.7,32.0,1.0,1.0,0.0,0.0
21,New Zealand,Lockie Ferguson,8.0,0.0,63.0,7.87,22.0,11.0,0.0,2.0,0.0
21,New Zealand,Rachin Ravindra,9.0,0.0,46.0,5.11,28.0,3.0,2.0,1.0,0.0
21,New Zealand,Glenn Phillips,2.0,0.0,12.0,6.0,3.0,1.0,0.0,0.0,0.0
22,Afghanistan,Naveen-ul-Haq,7.0,0.0,52.0,7.42,22.0,4.0,3.0,3.0,0.0
22,Afghanistan,Mujeeb Ur Rahman,8.0,0.0,55.0,6.87,20.0,5.0,2.0,0.0,0.0
22,Afghanistan,Mohammad Nabi,10.0,0.0,31.0,3.1,37.0,2.0,0.0,0.0,0.0
22,Afghanistan,Azmatullah Omarzai,5.0,0.0,50.0,10.0,9.0,4.0,2.0,3.0,0.0
22,Afghanistan,Rashid Khan,10.0,0.0,41.0,4.1,30.0,1.0,1.0,0.0,0.0
22,Afghanistan,Noor Ahmad,10.0,0.0,49.0,4.9,27.0,1.0,1.0,4.0,1.0
22,Pakistan,Shaheen Shah Afridi,10.0,0.0,58.0,5.8,27.0,5.0,0.0,2.0,0.0
22,Pakistan,Hasan Ali,10.0,1.0,44.0,4.4,42.0,4.0,2.0,1.0,0.0
22,Pakistan,Haris Rauf,8.0,1.0,53.0,6.62,19.0,6.0,0.0,3.0,0.0
22,Pakistan,Usama Mir,8.0,0.0,55.0,6.87,19.0,6.0,0.0,2.0,1.0
22,Pakistan,Shadab Khan,8.0,0.0,49.0,6.12,22.0,6.0,0.0,0.0,0.0
22,Pakistan,Iftikhar Ahmed,5.0,0.0,27.0,5.4,15.0,1.0,1.0,0.0,0.0
23,Bangladesh,Mustafizur Rahman,9.0,0.0,76.0,8.44,15.0,7.0,2.0,2.0,0.0
23,Bangladesh,Mehidy Hasan Miraz,9.0,0.0,44.0,4.88,29.0,3.0,1.0,2.0,0.0
23,Bangladesh,Shoriful Islam,9.0,0.0,76.0,8.44,19.0,6.0,4.0,0.0,0.0
23,Bangladesh,Shakib Al Hasan,9.0,0.0,69.0,7.66,24.0,5.0,4.0,1.0,0.0
23,Bangladesh,Hasan Mahmud,6.0,0.0,67.0,11.16,12.0,3.0,6.0,1.0,0.0
23,Bangladesh,Nasum Ahmed,5.0,0.0,27.0,5.4,11.0,1.0,1.0,0.0,0.0
23,Bangladesh,Mahmudullah,3.0,0.0,20.0,6.66,7.0,1.0,1.0,1.0,0.0
23,South Africa,Marco Jansen,8.0,0.0,39.0,4.87,34.0,5.0,0.0,5.0,0.0
23,South Africa,Lizaad Williams,8.4,1.0,56.0,6.46,33.0,7.0,2.0,5.0,0.0
23,South Africa,Gerald Coetzee,10.0,0.0,62.0,6.2,36.0,8.0,2.0,1.0,1.0
23,South Africa,Kagiso Rabada,10.0,1.0,42.0,4.2,36.0,3.0,1.0,0.0,1.0
23,South Africa,Keshav Maharaj,10.0,0.0,32.0,3.2,36.0,2.0,0.0,1.0,0.0
24,Netherlands,Aryan Dutt,7.0,0.0,59.0,8.42,17.0,9.0,1.0,0.0,0.0
24,Netherlands,Colin Ackermann,4.0,0.0,19.0,4.75,10.0,0.0,1.0,0.0,0.0
24,Netherlands,Logan van Beek,10.0,0.0,74.0,7.4,31.0,7.0,3.0,5.0,0.0
24,Netherlands,Paul van Meekeren,10.0,0.0,64.0,6.4,29.0,7.0,1.0,3.0,0.0
24,Netherlands,Vikramjit Singh,4.0,0.0,27.0,6.75,13.0,3.0,1.0,1.0,0.0
24,Netherlands,Roelof van der Merwe,5.0,0.0,41.0,8.2,11.0,3.0,2.0,1.0,0.0
24,Netherlands,Bas de Leede,10.0,0.0,115.0,11.5,20.0,13.0,6.0,1.0,1.0
24,Australia,Mitchell Starc,4.0,0.0,22.0,5.5,19.0,5.0,0.0,2.0,0.0
24,Australia,Josh Hazlewood,6.0,0.0,27.0,4.5,25.0,4.0,0.0,2.0,0.0
24,Australia,Pat Cummins,4.0,0.0,14.0,3.5,16.0,2.0,0.0,0.0,0.0
24,Australia,Mitchell Marsh,4.0,0.0,19.0,4.75,15.0,2.0,0.0,3.0,0.0
24,Australia,Adam Zampa,3.0,0.0,8.0,2.66,10.0,0.0,0.0,0.0,0.0
25,Sri Lanka,Dilshan Madushanka,5.0,0.0,37.0,7.4,18.0,7.0,0.0,0.0,0.0
25,Sri Lanka,Kasun Rajitha,7.0,0.0,36.0,5.14,25.0,5.0,0.0,1.0,0.0
25,Sri Lanka,Maheesh Theekshana,8.2,1.0,21.0,2.52,36.0,1.0,0.0,3.0,0.0
25,Sri Lanka,Angelo Mathews,5.0,1.0,14.0,2.8,17.0,0.0,0.0,0.0,0.0
25,Sri Lanka,Lahiru Kumara,7.0,0.0,35.0,5.0,25.0,4.0,1.0,0.0,0.0
25,Sri Lanka,Dhananjaya de Silva,1.0,0.0,10.0,10.0,2.0,2.0,0.0,0.0,0.0
25,England,Chris Woakes,6.0,0.0,30.0,5.0,21.0,4.0,0.0,2.0,0.0
25,England,David Willey,5.0,0.0,30.0,6.0,18.0,5.0,0.0,1.0,0.0
25,England,Adil Rashid,4.4,0.0,39.0,8.35,9.0,1.0,3.0,0.0,0.0
25,England,Mark Wood,4.0,0.0,23.0,5.75,12.0,3.0,0.0,0.0,0.0
25,England,Liam Livingstone,3.0,0.0,17.0,5.66,8.0,2.0,0.0,0.0,0.0
25,England,Moeen Ali,3.0,0.0,21.0,7.0,5.0,2.0,0.0,0.0,0.0
26,South Africa,Marco Jansen,9.0,1.0,43.0,4.77,40.0,5.0,0.0,6.0,2.0
26,South Africa,Lungi Ngidi,7.4,0.0,45.0,5.86,26.0,6.0,0.0,3.0,0.0
26,South Africa,Aiden Markram,4.0,0.0,20.0,5.0,12.0,2.0,0.0,0.0,0.0
26,South Africa,Keshav Maharaj,9.0,0.0,56.0,6.22,30.0,4.0,4.0,0.0,0.0
26,South Africa,Gerald Coetzee,7.0,0.0,42.0,6.0,20.0,4.0,1.0,1.0,0.0
26,South Africa,Tabraiz Shamsi,10.0,0.0,60.0,6.0,28.0,2.0,3.0,1.0,2.0
26,Pakistan,Iftikhar Ahmed,3.0,0.0,23.0,7.66,9.0,1.0,1.0,1.0,0.0
26,Pakistan,Shaheen Shah Afridi,10.0,0.0,45.0,4.5,37.0,5.0,0.0,3.0,0.0
26,Pakistan,Mohammad Nawaz,6.2,0.0,40.0,6.31,15.0,4.0,1.0,0.0,0.0
26,Pakistan,Haris Rauf,10.0,0.0,62.0,6.2,29.0,3.0,3.0,2.0,0.0
26,Pakistan,Mohammad Wasim,10.0,1.0,50.0,5.0,37.0,7.0,0.0,3.0,0.0
26,Pakistan,Usama Mir,8.0,0.0,45.0,5.62,25.0,1.0,3.0,1.0,0.0
27,New Zealand,Matt Henry,6.2,0.0,67.0,10.57,21.0,8.0,4.0,2.0,2.0
27,New Zealand,Trent Boult,10.0,0.0,77.0,7.7,25.0,7.0,3.0,3.0,0.0
27,New Zealand,Lockie Ferguson,3.0,0.0,38.0,12.66,6.0,3.0,3.0,0.0,0.0
27,New Zealand,Mitchell Santner,10.0,0.0,80.0,8.0,23.0,6.0,4.0,1.0,0.0
27,New Zealand,Glenn Phillips,10.0,0.0,37.0,3.7,30.0,2.0,0.0,0.0,0.0
27,New Zealand,Rachin Ravindra,8.0,0.0,56.0,7.0,18.0,5.0,2.0,0.0,0.0
27,New Zealand,James Neesham,2.0,0.0,32.0,16.0,4.0,1.0,4.0,0.0,0.0
27,Australia,Mitchell Starc,9.0,0.0,89.0,9.88,21.0,6.0,3.0,9.0,0.0
27,Australia,Josh Hazlewood,9.0,0.0,70.0,7.77,24.0,9.0,2.0,1.0,0.0
27,Australia,Pat Cummins,10.0,0.0,66.0,6.6,26.0,7.0,1.0,3.0,0.0
27,Australia,Glenn Maxwell,10.0,0.0,62.0,6.2,22.0,4.0,2.0,0.0,0.0
27,Australia,Adam Zampa,10.0,0.0,74.0,7.4,22.0,6.0,3.0,0.0,0.0
27,Australia,Mitchell Marsh,2.0,0.0,18.0,9.0,3.0,1.0,1.0,1.0,0.0
28,Bangladesh,Shoriful Islam,10.0,0.0,51.0,5.1,38.0,5.0,1.0,3.0,0.0
28,Bangladesh,Taskin Ahmed,9.0,1.0,43.0,4.77,32.0,6.0,0.0,1.0,0.0
28,Bangladesh,Shakib Al Hasan,10.0,1.0,37.0,3.7,35.0,4.0,0.0,0.0,0.0
28,Bangladesh,Mehidy Hasan Miraz,4.0,0.0,17.0,4.25,10.0,1.0,0.0,0.0,0.0
28,Bangladesh,Mustafizur Rahman,10.0,1.0,36.0,3.6,36.0,3.0,0.0,1.0,0.0
28,Bangladesh,Mahedi Hasan,7.0,0.0,40.0,5.71,23.0,3.0,1.0,1.0,0.0
28,Netherlands,Aryan Dutt,10.0,3.0,26.0,2.6,48.0,3.0,1.0,0.0,0.0
28,Netherlands,Logan van Beek,9.0,1.0,30.0,3.33,39.0,3.0,0.0,4.0,0.0
28,Netherlands,Colin Ackermann,7.0,1.0,25.0,3.57,29.0,2.0,1.0,0.0,0.0
28,Netherlands,Paul van Meekeren,7.2,0.0,23.0,3.13,30.0,2.0,0.0,2.0,0.0
28,Netherlands,Bas de Leede,7.0,0.0,25.0,3.57,30.0,4.0,0.0,0.0,0.0
28,Netherlands,Shariz Ahmad,2.0,0.0,13.0,6.5,5.0,2.0,0.0,0.0,0.0
29,England,David Willey,10.0,2.0,45.0,4.5,39.0,4.0,2.0,0.0,0.0
29,England,Chris Woakes,9.0,1.0,33.0,3.66,36.0,3.0,0.0,1.0,0.0
29,England,Adil Rashid,10.0,0.0,35.0,3.5,35.0,3.0,0.0,0.0,0.0
29,England,Mark Wood,9.0,1.0,46.0,5.11,32.0,3.0,2.0,2.0,0.0
29,England,Liam Livingstone,4.0,1.0,29.0,7.25,13.0,5.0,0.0,0.0,0.0
29,England,Moeen Ali,8.0,0.0,37.0,4.62,19.0,2.0,0.0,0.0,0.0
29,India,Jasprit Bumrah,6.5,1.0,32.0,4.68,31.0,3.0,2.0,2.0,0.0
29,India,Mohammed Siraj,6.0,0.0,33.0,5.5,22.0,3.0,1.0,2.0,0.0
29,India,Mohammed Shami,7.0,2.0,22.0,3.14,33.0,3.0,0.0,2.0,0.0
29,India,Kuldeep Yadav,8.0,0.0,24.0,3.0,28.0,1.0,0.0,0.0,0.0
29,India,Ravindra Jadeja,7.0,1.0,16.0,2.28,27.0,0.0,0.0,0.0,0.0
30,Afghanistan,Mujeeb Ur Rahman,10.0,0.0,38.0,3.8,29.0,2.0,0.0,0.0,0.0
30,Afghanistan,Fazalhaq Farooqi,10.0,1.0,34.0,3.4,42.0,3.0,1.0,0.0,0.0
30,Afghanistan,Naveen-ul-Haq,6.3,0.0,47.0,7.23,16.0,5.0,1.0,2.0,0.0
30,Afghanistan,Azmatullah Omarzai,7.0,0.0,37.0,5.28,22.0,5.0,0.0,1.0,0.0
30,Afghanistan,Rashid Khan,10.0,0.0,50.0,5.0,27.0,3.0,0.0,2.0,0.0
30,Afghanistan,Mohammad Nabi,6.0,0.0,33.0,5.5,11.0,1.0,0.0,0.0,0.0
30,Sri Lanka,Dilshan Madushanka,9.0,0.0,48.0,5.33,28.0,4.0,1.0,3.0,0.0
30,Sri Lanka,Kasun Rajitha,10.0,0.0,48.0,4.8,37.0,4.0,1.0,2.0,0.0
30,Sri Lanka,Angelo Mathews,3.0,0.0,18.0,6.0,8.0,2.0,0.0,0.0,0.0
30,Sri Lanka,Dushmantha Chameera,9.2,0.0,51.0,5.46,29.0,4.0,2.0,0.0,0.0
30,Sri Lanka,Maheesh Theekshana,10.0,0.0,55.0,5.5,25.0,3.0,1.0,3.0,0.0
30,Sri Lanka,Dhananjaya de Silva,4.0,0.0,21.0,5.25,9.0,2.0,0.0,0.0,0.0
31,Pakistan,Shaheen Shah Afridi,9.0,1.0,23.0,2.55,40.0,2.0,0.0,2.0,0.0
31,Pakistan,Iftikhar Ahmed,10.0,0.0,44.0,4.4,32.0,5.0,0.0,0.0,0.0
31,Pakistan,Haris Rauf,8.0,0.0,36.0,4.5,28.0,3.0,0.0,2.0,0.0
31,Pakistan,Mohammad Wasim,8.1,1.0,31.0,3.79,31.0,4.0,0.0,0.0,0.0
31,Pakistan,Usama Mir,10.0,0.0,66.0,6.6,27.0,5.0,3.0,1.0,0.0
31,Bangladesh,Taskin Ahmed,6.0,1.0,36.0,6.0,21.0,2.0,3.0,0.0,0.0
31,Bangladesh,Shoriful Islam,4.0,1.0,25.0,6.25,16.0,3.0,1.0,1.0,0.0
31,Bangladesh,Mehidy Hasan Miraz,9.0,0.0,60.0,6.66,25.0,3.0,4.0,0.0,0.0
31,Bangladesh,Mustafizur Rahman,7.0,0.0,47.0,6.71,23.0,9.0,0.0,1.0,0.0
31,Bangladesh,Shakib Al Hasan,5.3,0.0,30.0,5.45,13.0,1.0,1.0,0.0,0.0
31,Bangladesh,Najmul Hossain Shanto,1.0,0.0,5.0,5.0,4.0,1.0,0.0,0.0,0.0
32,New Zealand,Trent Boult,10.0,1.0,49.0,4.9,35.0,5.0,1.0,2.0,0.0
32,New Zealand,Matt Henry,5.3,0.0,31.0,5.63,20.0,4.0,1.0,1.0,0.0
32,New Zealand,Tim Southee,10.0,0.0,77.0,7.7,19.0,6.0,3.0,1.0,0.0
32,New Zealand,Mitchell Santner,10.0,0.0,58.0,5.8,18.0,2.0,1.0,2.0,0.0
32,New Zealand,Glenn Phillips,7.0,0.0,52.0,7.42,15.0,2.0,3.0,2.0,0.0
32,New Zealand,Rachin Ravindra,2.0,0.0,17.0,8.5,6.0,2.0,1.0,0.0,0.0
32,New Zealand,James Neesham,5.3,0.0,69.0,12.54,7.0,5.0,5.0,0.0,0.0
32,South Africa,Marco Jansen,8.0,1.0,31.0,3.87,29.0,3.0,0.0,1.0,1.0
32,South Africa,Lungi Ngidi,6.0,1.0,28.0,4.66,23.0,4.0,0.0,0.0,0.0
32,South Africa,Kagiso Rabada,6.0,2.0,16.0,2.66,27.0,2.0,0.0,0.0,0.0
32,South Africa,Gerald Coetzee,6.3,0.0,41.0,6.3,24.0,5.0,1.0,1.0,0.0
32,South Africa,Keshav Maharaj,9.0,0.0,46.0,5.11,32.0,3.0,3.0,0.0,0.0
33,Sri Lanka,Dilshan Madushanka,10.0,0.0,80.0,8.0,25.0,8.0,2.0,6.0,0.0
33,Sri Lanka,Dushmantha Chameera,10.0,2.0,71.0,7.1,28.0,8.0,2.0,0.0,0.0
33,Sri Lanka,Kasun Rajitha,9.0,0.0,65.0,7.22,25.0,7.0,2.0,1.0,0.0
33,Sri Lanka,Angelo Mathews,3.0,0.0,11.0,3.66,10.0,1.0,0.0,0.0,0.0
33,Sri Lanka,Maheesh Theekshana,10.0,0.0,67.0,6.7,18.0,5.0,1.0,1.0,0.0
33,Sri Lanka,Dushan Hemantha,8.0,0.0,52.0,6.5,17.0,2.0,2.0,0.0,1.0
33,India,Jasprit Bumrah,5.0,1.0,8.0,1.6,26.0,0.0,0.0,3.0,0.0
33,India,Mohammed Siraj,7.0,2.0,16.0,2.28,35.0,2.0,0.0,1.0,0.0
33,India,Mohammed Shami,5.0,1.0,18.0,3.6,22.0,3.0,0.0,0.0,0.0
33,India,Kuldeep Yadav,2.0,0.0,3.0,1.5,9.0,0.0,0.0,0.0,0.0
33,India,Ravindra Jadeja,0.4,0.0,4.0,6.0,3.0,1.0,0.0,0.0,0.0
34,Afghanistan,Mujeeb Ur Rahman,10.0,0.0,40.0,4.0,40.0,4.0,0.0,3.0,0.0
34,Afghanistan,Fazalhaq Farooqi,5.0,0.0,36.0,7.2,20.0,8.0,0.0,2.0,0.0
34,Afghanistan,Azmatullah Omarzai,3.0,0.0,11.0,3.66,10.0,1.0,0.0,0.0,0.0
34,Afghanistan,Mohammad Nabi,9.3,1.0,28.0,2.94,39.0,3.0,0.0,1.0,0.0
34,Afghanistan,Rashid Khan,10.0,0.0,31.0,3.1,35.0,0.0,0.0,3.0,0.0
34,Afghanistan,Noor Ahmad,9.0,0.0,31.0,3.44,36.0,3.0,0.0,3.0,0.0
34,Netherlands,Aryan Dutt,8.3,0.0,49.0,5.76,25.0,6.0,0.0,3.0,0.0
34,Netherlands,Logan van Beek,7.0,0.0,30.0,4.28,26.0,3.0,0.0,2.0,0.0
34,Netherlands,Paul van Meekeren,5.0,0.0,35.0,7.0,15.0,6.0,0.0,1.0,1.0
34,Netherlands,Roelof van der Merwe,5.0,0.0,27.0,5.4,11.0,2.0,0.0,0.0,0.0
34,Netherlands,Saqib Zulfiqar,3.0,0.0,25.0,8.33,8.0,4.0,0.0,0.0,1.0
34,Netherlands,Colin Ackermann,3.0,0.0,12.0,4.0,8.0,0.0,0.0,1.0,0.0
35,Pakistan,Shaheen Shah Afridi,10.0,0.0,90.0,9.0,24.0,11.0,2.0,5.0,0.0
35,Pakistan,Hasan Ali,10.0,0.0,82.0,8.2,26.0,10.0,2.0,2.0,1.0
35,Pakistan,Iftikhar Ahmed,8.0,0.0,55.0,6.87,20.0,8.0,0.0,0.0,0.0
35,Pakistan,Haris Rauf,10.0,0.0,85.0,8.5,24.0,11.0,2.0,2.0,0.0
35,Pakistan,Mohammad Wasim,10.0,0.0,60.0,6.0,28.0,4.0,1.0,3.0,0.0
35,Pakistan,Agha Salman,2.0,0.0,21.0,10.5,3.0,2.0,1.0,1.0,0.0
35,New Zealand,Trent Boult,6.0,0.0,50.0,8.33,20.0,7.0,2.0,2.0,0.0
35,New Zealand,Tim Southee,5.0,0.0,27.0,5.4,17.0,1.0,2.0,0.0,0.0
35,New Zealand,Mitchell Santner,5.0,0.0,35.0,7.0,13.0,1.0,3.0,0.0,0.0
35,New Zealand,Glenn Phillips,5.0,1.0,42.0,8.4,13.0,3.0,3.0,0.0,0.0
35,New Zealand,Ish Sodhi,4.0,0.0,44.0,11.0,6.0,3.0,3.0,1.0,0.0
35,New Zealand,Daryl Mitchell,0.3,0.0,1.0,2.0,2.0,0.0,0.0,0.0,0.0
36,England,David Willey,10.0,1.0,48.0,4.8,31.0,4.0,0.0,1.0,0.0
36,England,Chris Woakes,9.3,0.0,54.0,5.68,31.0,5.0,1.0,0.0,0.0
36,England,Mark Wood,10.0,0.0,70.0,7.0,27.0,9.0,0.0,3.0,0.0
36,England,Liam Livingstone,6.0,0.0,42.0,7.0,10.0,2.0,1.0,0.0,0.0
36,England,Moeen Ali,4.0,0.0,28.0,7.0,9.0,4.0,0.0,0.0,0.0
36,England,Adil Rashid,10.0,0.0,38.0,3.8,34.0,1.0,1.0,0.0,0.0
36,Australia,Mitchell Starc,10.0,0.0,66.0,6.6,29.0,7.0,1.0,4.0,0.0
36,Australia,Josh Hazlewood,9.1,1.0,49.0,5.34,34.0,6.0,1.0,2.0,0.0
36,Australia,Pat Cummins,10.0,1.0,49.0,4.9,32.0,5.0,1.0,0.0,0.0
36,Australia,Adam Zampa,10.0,0.0,21.0,2.1,41.0,0.0,0.0,2.0,0.0
36,Australia,Travis Head,5.0,0.0,28.0,5.6,12.0,0.0,2.0,0.0,0.0
36,Australia,Marcus Stoinis,4.0,0.0,34.0,8.5,8.0,4.0,1.0,0.0,0.0
37,South Africa,Lungi Ngidi,8.2,0.0,63.0,7.56,29.0,8.0,3.0,2.0,0.0
37,South Africa,Marco Jansen,9.4,0.0,94.0,9.72,28.0,15.0,1.0,7.0,1.0
37,South Africa,Kagiso Rabada,10.0,1.0,48.0,4.8,33.0,6.0,0.0,0.0,0.0
37,South Africa,Keshav Maharaj,10.0,0.0,30.0,3.0,32.0,0.0,0.0,1.0,0.0
37,South Africa,Tabraiz Shamsi,10.0,0.0,72.0,7.2,22.0,5.0,1.0,7.0,1.0
37,South Africa,Aiden Markram,2.0,0.0,17.0,8.5,4.0,1.0,1.0,1.0,0.0
37,India,Jasprit Bumrah,5.0,0.0,14.0,2.8,23.0,2.0,0.0,1.0,0.0
37,India,Mohammed Siraj,4.0,1.0,11.0,2.75,18.0,1.0,0.0,0.0,0.0
37,India,Ravindra Jadeja,9.0,1.0,33.0,3.66,37.0,5.0,0.0,0.0,0.0
37,India,Mohammed Shami,4.0,0.0,18.0,4.5,16.0,2.0,0.0,1.0,0.0
37,India,Kuldeep Yadav,5.1,1.0,7.0,1.35,24.0,0.0,0.0,0.0,0.0
38,Bangladesh,Shoriful Islam,9.3,0.0,51.0,5.36,33.0,7.0,0.0,1.0,0.0
38,Bangladesh,Taskin Ahmed,10.0,1.0,39.0,3.9,39.0,5.0,0.0,1.0,0.0
38,Bangladesh,Tanzim Hasan Sakib,10.0,0.0,80.0,8.0,27.0,8.0,4.0,2.0,0.0
38,Bangladesh,Shakib Al Hasan,10.0,0.0,57.0,5.7,23.0,1.0,3.0,0.0,0.0
38,Bangladesh,Mehidy Hasan Miraz,10.0,0.0,49.0,4.9,30.0,6.0,0.0,0.0,0.0
38,Sri Lanka,Dilshan Madushanka,10.0,1.0,69.0,6.9,35.0,7.0,3.0,4.0,0.0
38,Sri Lanka,Maheesh Theekshana,9.0,0.0,44.0,4.88,34.0,6.0,0.0,3.0,0.0
38,Sri Lanka,Kasun Rajitha,4.0,0.0,47.0,11.75,7.0,5.0,3.0,0.0,0.0
38,Sri Lanka,Dushmantha Chameera,8.0,0.0,54.0,6.75,25.0,8.0,1.0,2.0,0.0
38,Sri Lanka,Angelo Mathews,7.1,1.0,35.0,4.88,24.0,4.0,0.0,1.0,0.0
38,Sri Lanka,Dhananjaya de Silva,3.0,0.0,20.0,6.66,8.0,3.0,0.0,0.0,0.0
39,Australia,Mitchell Starc,9.0,0.0,70.0,7.77,26.0,4.0,4.0,5.0,0.0
39,Australia,Josh Hazlewood,9.0,0.0,39.0,4.33,30.0,2.0,1.0,1.0,0.0
39,Australia,Glenn Maxwell,10.0,0.0,55.0,5.5,24.0,2.0,1.0,0.0,1.0
39,Australia,Pat Cummins,8.0,0.0,47.0,5.87,25.0,5.0,1.0,1.0,0.0
39,Australia,Adam Zampa,10.0,0.0,58.0,5.8,22.0,2.0,2.0,2.0,0.0
39,Australia,Travis Head,3.0,0.0,15.0,5.0,7.0,1.0,0.0,0.0,0.0
39,Australia,Marcus Stoinis,1.0,0.0,2.0,2.0,4.0,0.0,0.0,0.0,0.0
39,Afghanistan,Mujeeb Ur Rahman,8.5,1.0,72.0,8.15,28.0,8.0,4.0,0.0,0.0
39,Afghanistan,Naveen-ul-Haq,9.0,0.0,47.0,5.22,34.0,5.0,2.0,1.0,0.0
39,Afghanistan,Azmatullah Omarzai,7.0,1.0,52.0,7.42,25.0,7.0,2.0,1.0,0.0
39,Afghanistan,Rashid Khan,10.0,0.0,44.0,4.4,36.0,3.0,1.0,3.0,0.0
39,Afghanistan,Noor Ahmad,10.0,1.0,53.0,5.3,36.0,4.0,2.0,1.0,0.0
39,Afghanistan,Mohammad Nabi,2.0,0.0,20.0,10.0,6.0,3.0,1.0,0.0,0.0
40,Netherlands,Aryan Dutt,10.0,0.0,67.0,6.7,30.0,5.0,3.0,1.0,1.0
40,Netherlands,Logan van Beek,10.0,0.0,88.0,8.8,25.0,10.0,1.0,10.0,0.0
40,Netherlands,Paul van Meekeren,10.0,0.0,57.0,5.7,28.0,5.0,0.0,5.0,0.0
40,Netherlands,Bas de Leede,10.0,0.0,74.0,7.4,26.0,5.0,4.0,0.0,0.0
40,Netherlands,Roelof van der Merwe,3.0,0.0,22.0,7.33,6.0,0.0,2.0,0.0,0.0
40,Netherlands,Colin Ackermann,7.0,0.0,31.0,4.42,15.0,1.0,0.0,0.0,0.0
40,England,Chris Woakes,7.0,0.0,19.0,2.71,33.0,2.0,0.0,2.0,0.0
40,England,David Willey,7.0,2.0,19.0,2.71,33.0,3.0,0.0,0.0,0.0
40,England,Gus Atkinson,7.0,0.0,41.0,5.85,25.0,4.0,2.0,1.0,0.0
40,England,Moeen Ali,8.2,0.0,42.0,5.04,23.0,1.0,2.0,0.0,0.0
40,England,Adil Rashid,8.0,0.0,54.0,6.75,22.0,5.0,2.0,1.0,0.0
41,New Zealand,Trent Boult,10.0,3.0,37.0,3.7,45.0,6.0,0.0,3.0,0.0
41,New Zealand,Tim Southee,8.0,0.0,52.0,6.5,29.0,6.0,3.0,0.0,0.0
41,New Zealand,Lockie Ferguson,10.0,2.0,35.0,3.5,43.0,6.0,0.0,0.0,0.0
41,New Zealand,Mitchell Santner,10.0,2.0,22.0,2.2,45.0,2.0,0.0,0.0,0.0
41,New Zealand,Rachin Ravindra,7.4,0.0,21.0,2.73,28.0,1.0,0.0,0.0,0.0
41,New Zealand,Glenn Phillips,1.0,0.0,3.0,3.0,3.0,0.0,0.0,0.0,0.0
41,Sri Lanka,Dilshan Madushanka,6.2,0.0,58.0,9.15,16.0,11.0,0.0,1.0,0.0
41,Sri Lanka,Maheesh Theekshana,7.0,0.0,43.0,6.14,24.0,6.0,1.0,0.0,0.0
41,Sri Lanka,Dhananjaya de Silva,2.0,0.0,22.0,11.0,3.0,1.0,2.0,0.0,0.0
41,Sri Lanka,Dushmantha Chameera,4.0,1.0,20.0,5.0,17.0,1.0,2.0,0.0,0.0
41,Sri Lanka,Angelo Mathews,4.0,0.0,29.0,7.25,10.0,4.0,0.0,1.0,0.0
42,South Africa,Kagiso Rabada,10.0,0.0,40.0,4.0,37.0,4.0,1.0,0.0,0.0
42,South Africa,Lungi Ngidi,8.3,0.0,69.0,8.11,28.0,5.0,4.0,6.0,0.0
42,South Africa,Aiden Markram,4.3,0.0,25.0,5.55,13.0,2.0,1.0,0.0,0.0
42,South Africa,Gerald Coetzee,10.0,1.0,44.0,4.4,35.0,5.0,0.0,2.0,0.0
42,South Africa,Keshav Maharaj,10.0,1.0,25.0,2.5,41.0,0.0,0.0,2.0,0.0
42,South Africa,Andile Phehlukwayo,7.0,0.0,36.0,5.14,20.0,4.0,0.0,0.0,0.0
42,Afghanistan,Mujeeb Ur Rahman,10.0,0.0,51.0,5.1,33.0,4.0,2.0,1.0,0.0
42,Afghanistan,Naveen-ul-Haq,6.3,0.0,52.0,8.0,16.0,2.0,4.0,1.0,0.0
42,Afghanistan,Mohammad Nabi,10.0,1.0,35.0,3.5,36.0,3.0,0.0,0.0,0.0
42,Afghanistan,Azmatullah Omarzai,1.0,0.0,8.0,8.0,3.0,0.0,1.0,0.0,0.0
42,Afghanistan,Rashid Khan,10.0,1.0,37.0,3.7,38.0,2.0,1.0,1.0,0.0
42,Afghanistan,Noor Ahmad,9.0,0.0,49.0,5.44,23.0,3.0,0.0,3.0,0.0
42,Afghanistan,Rahmat Shah,1.0,0.0,12.0,12.0,2.0,1.0,1.0,0.0,0.0
43,Australia,Josh Hazlewood,7.0,1.0,21.0,3.0,29.0,2.0,0.0,0.0,0.0
43,Australia,Pat Cummins,8.0,0.0,56.0,7.0,22.0,7.0,0.0,4.0,0.0
43,Australia,Sean Abbott,10.0,0.0,61.0,6.1,29.0,4.0,2.0,0.0,1.0
43,Australia,Mitchell Marsh,4.0,0.0,48.0,12.0,8.0,6.0,2.0,2.0,1.0
43,Australia,Adam Zampa,10.0,0.0,32.0,3.2,39.0,2.0,1.0,0.0,0.0
43,Australia,Travis Head,6.0,0.0,33.0,5.5,14.0,2.0,1.0,0.0,0.0
43,Australia,Marcus Stoinis,5.0,0.0,45.0,9.0,4.0,4.0,0.0,2.0,0.0
43,Bangladesh,Taskin Ahmed,10.0,0.0,61.0,6.1,30.0,6.0,2.0,1.0,0.0
43,Bangladesh,Mahedi Hasan,9.0,0.0,38.0,4.22,29.0,3.0,0.0,1.0,0.0
43,Bangladesh,Nasum Ahmed,10.0,0.0,85.0,8.5,21.0,9.0,3.0,1.0,0.0
43,Bangladesh,Mehidy Hasan Miraz,6.0,0.0,47.0,7.83,13.0,3.0,3.0,0.0,0.0
43,Bangladesh,Mustafizur Rahman,9.4,1.0,76.0,7.86,20.0,8.0,2.0,1.0,0.0
44,Pakistan,Shaheen Shah Afridi,10.0,1.0,72.0,7.2,32.0,9.0,3.0,0.0,0.0
44,Pakistan,Haris Rauf,10.0,0.0,64.0,6.4,32.0,7.0,0.0,3.0,0.0
44,Pakistan,Iftikhar Ahmed,7.0,0.0,38.0,5.42,17.0,4.0,0.0,0.0,0.0
44,Pakistan,Mohammad Wasim,10.0,0.0,74.0,7.4,26.0,7.0,3.0,1.0,0.0
44,Pakistan,Shadab Khan,10.0,0.0,57.0,5.7,25.0,5.0,1.0,0.0,0.0
44,Pakistan,Agha Salman,3.0,0.0,25.0,8.33,7.0,3.0,1.0,0.0,0.0
44,England,David Willey,10.0,0.0,56.0,5.6,37.0,8.0,1.0,2.0,0.0
44,England,Chris Woakes,5.3,0.0,27.0,4.9,22.0,5.0,0.0,0.0,0.0
44,England,Adil Rashid,10.0,0.0,55.0,5.5,26.0,4.0,1.0,1.0,0.0
44,England,Gus Atkinson,8.0,0.0,45.0,5.62,29.0,3.0,3.0,2.0,0.0
44,England,Moeen Ali,10.0,0.0,60.0,6.0,27.0,7.0,1.0,0.0,0.0
45,Netherlands,Aryan Dutt,7.0,0.0,52.0,7.42,19.0,7.0,1.0,1.0,0.0
45,Netherlands,Logan van Beek,10.0,0.0,107.0,10.7,17.0,10.0,6.0,1.0,0.0
45,Netherlands,Colin Ackermann,3.0,0.0,25.0,8.33,5.0,2.0,1.0,1.0,0.0
45,Netherlands,Paul van Meekeren,10.0,0.0,90.0,9.0,19.0,6.0,5.0,2.0,1.0
45,Netherlands,Roelof van der Merwe,10.0,0.0,53.0,5.3,27.0,4.0,1.0,0.0,0.0
45,Netherlands,Bas de Leede,10.0,0.0,82.0,8.2,22.0,8.0,2.0,8.0,0.0
45,India,Jasprit Bumrah,9.0,1.0,33.0,3.66,35.0,3.0,0.0,1.0,0.0
45,India,Mohammed Siraj,6.0,1.0,29.0,4.83,23.0,5.0,0.0,1.0,0.0
45,India,Mohammed Shami,6.0,0.0,41.0,6.83,15.0,4.0,1.0,1.0,0.0
45,India,Kuldeep Yadav,10.0,1.0,41.0,4.1,39.0,1.0,3.0,0.0,0.0
45,India,Ravindra Jadeja,9.0,0.0,49.0,5.44,31.0,4.0,2.0,1.0,0.0
45,India,Virat Kohli,3.0,0.0,13.0,4.33,10.0,1.0,0.0,0.0,0.0
45,India,Shubman Gill,2.0,0.0,11.0,5.5,4.0,1.0,0.0,0.0,0.0
45,India,Suryakumar Yadav,2.0,0.0,17.0,8.5,5.0,0.0,2.0,0.0,0.0
45,India,Rohit Sharma,0.5,0.0,7.0,8.4,3.0,0.0,1.0,0.0,0.0
46,New Zealand,Trent Boult,10.0,0.0,86.0,8.6,26.0,9.0,4.0,2.0,0.0
46,New Zealand,Tim Southee,10.0,0.0,100.0,10.0,20.0,8.0,6.0,1.0,0.0
46,New Zealand,Mitchell Santner,10.0,1.0,51.0,5.1,29.0,3.0,2.0,0.0,0.0
46,New Zealand,Lockie Ferguson,8.0,0.0,65.0,8.12,15.0,7.0,1.0,1.0,0.0
46,New Zealand,Rachin Ravindra,7.0,0.0,60.0,8.57,13.0,2.0,4.0,2.0,0.0
46,New Zealand,Glenn Phillips,5.0,0.0,33.0,6.6,11.0,1.0,2.0,0.0,0.0
46,India,Jasprit Bumrah,10.0,1.0,64.0,6.4,32.0,6.0,1.0,6.0,0.0
46,India,Mohammed Siraj,9.0,0.0,78.0,8.66,26.0,10.0,3.0,3.0,0.0
46,India,Mohammed Shami,9.5,0.0,57.0,5.79,37.0,3.0,4.0,2.0,0.0
46,India,Ravindra Jadeja,10.0,0.0,63.0,6.3,29.0,3.0,3.0,0.0,1.0
46,India,Kuldeep Yadav,10.0,0.0,56.0,5.6,26.0,6.0,0.0,0.0,0.0
47,Australia,Mitchell Starc,10.0,1.0,34.0,3.4,46.0,3.0,1.0,4.0,0.0
47,Australia,Josh Hazlewood,8.0,3.0,12.0,1.5,39.0,1.0,0.0,0.0,0.0
47,Australia,Pat Cummins,9.4,0.0,51.0,5.27,32.0,5.0,1.0,2.0,0.0
47,Australia,Adam Zampa,7.0,0.0,55.0,7.85,21.0,1.0,6.0,0.0,0.0
47,Australia,Glenn Maxwell,10.0,0.0,35.0,3.5,35.0,3.0,0.0,0.0,0.0
47,Australia,Travis Head,5.0,0.0,21.0,4.2,19.0,3.0,0.0,1.0,0.0
47,South Africa,Marco Jansen,4.2,0.0,35.0,8.07,18.0,6.0,1.0,4.0,0.0
47,South Africa,Kagiso Rabada,6.0,0.0,41.0,6.83,24.0,2.0,4.0,1.0,1.0
47,South Africa,Aiden Markram,8.0,1.0,23.0,2.87,34.0,1.0,1.0,1.0,0.0
47,South Africa,Gerald Coetzee,9.0,0.0,47.0,5.22,35.0,8.0,0.0,1.0,1.0
47,South Africa,Tabraiz Shamsi,10.0,0.0,42.0,4.2,36.0,3.0,0.0,5.0,0.0
47,South Africa,Keshav Maharaj,10.0,0.0,24.0,2.4,39.0,1.0,0.0,0.0,0.0
48,Australia,Mitchell Starc,10.0,0.0,55.0,5.5,30.0,4.0,1.0,3.0,0.0
48,Australia,Josh Hazlewood,10.0,0.0,60.0,6.0,22.0,4.0,1.0,1.0,0.0
48,Australia,Glenn Maxwell,6.0,0.0,35.0,5.83,19.0,4.0,1.0,0.0,0.0
48,Australia,Pat Cummins,10.0,0.0,34.0,3.4,30.0,0.0,0.0,2.0,0.0
48,Australia,Adam Zampa,10.0,0.0,44.0,4.4,22.0,1.0,0.0,1.0,0.0
48,Australia,Mitchell Marsh,2.0,0.0,5.0,2.5,7.0,0.0,0.0,0.0,0.0
48,Australia,Travis Head,2.0,0.0,4.0,2.0,8.0,0.0,0.0,0.0,0.0
48,India,Jasprit Bumrah,9.0,2.0,43.0,4.77,37.0,8.0,0.0,0.0,0.0
48,India,Mohammed Shami,7.0,1.0,47.0,6.71,28.0,6.0,1.0,3.0,0.0
48,India,Ravindra Jadeja,10.0,0.0,43.0,4.3,29.0,1.0,1.0,1.0,0.0
48,India,Kuldeep Yadav,10.0,0.0,56.0,5.6,25.0,3.0,2.0,0.0,0.0
48,India,Mohammed Siraj,7.0,0.0,45.0,6.42,16.0,4.0,1.0,0.0,0.0
