Time,Toss,Team 1 Score,Team 1 Overs,Team 2 Score,Team 1 PP-1 Score,Team 1 PP-2 Score,Team 1 PP-3 Score,Team 2 PP-1 Score,Team 2 PP-2 Score,Team 2 PP-3 Score,MOM
"Hours of play (local time)14.00 start, First Session 14.00-17.30, Interval 17.30-18.00, Second Session 18.00-21.30","TossNew Zealand, elected to field first",282/9,50.0 overs,"(36.2/50 ov, T:283) 283/1","Powerplay 1: Overs 0.1 - 10.0 (Mandatory - 51 runs, 1 wicket)","Powerplay 2: Overs 10.1 - 40.0 (Mandatory - 173 runs, 5 wickets)","Powerplay 3: Overs 40.1 - 50.0 (Mandatory - 58 runs, 3 wickets)","Powerplay 1: Overs 0.1 - 10.0 (Mandatory - 81 runs, 1 wicket)","Powerplay 2: Overs 10.1 - 40.0 (Mandatory - 202 runs, 0 wicket)",NA,Rachin Ravindra
"Hours of play (local time)14.00 start, First Session 14.00-17.30, Interval 17.30-18.00, Second Session 18.00-21.30","TossNetherlands, elected to field first",286,49.0 overs,"(41/50 ov, T:287) 205","Powerplay 1: Overs 0.1 - 10.0 (Mandatory - 43 runs, 3 wickets)","Powerplay 2: Overs 10.1 - 40.0 (Mandatory - 184 runs, 3 wickets)","Powerplay 3: Overs 40.1 - 50.0 (Mandatory - 59 runs, 4 wickets)","Powerplay 1: Overs 0.1 - 10.0 (Mandatory - 47 runs, 1 wicket)","Powerplay 2: Overs 10.1 - 40.0 (Mandatory - 155 runs, 8 wickets)","Powerplay 3: Overs 40.1 - 50.0 (Mandatory - 5 runs, 1 wicket)",Saud Shakeel
"Hours of play (local time)10.30 start, First Session 10.30-14.00, Interval 14.00-14.30, Second Session 14.30-18.00","TossBangladesh, elected to field first",156,37.2 overs,"(34.4/50 ov, T:157) 158/4","Powerplay 1: Overs 0.1 - 10.0 (Mandatory - 50 runs, 1 wicket)","Powerplay 2: Overs 10.1 - 40.0 (Mandatory - 106 runs, 9 wickets)",NA,"Powerplay 1: Overs 0.1 - 10.0 (Mandatory - 44 runs, 2 wickets)","Powerplay 2: Overs 10.1 - 40.0 (Mandatory - 114 runs, 2 wickets)",NA,Mehidy Hasan Miraz
"Hours of play (local time)14.00 start, First Session 14.00-17.30, Interval 17.30-18.00, Second Session 18.00-21.30","TossSri Lanka, elected to field first",428/5,50.0 overs,"(44.5/50 ov, T:429) 326","Powerplay 1: Overs 0.1 - 10.0 (Mandatory - 48 runs, 1 wicket)","Powerplay 2: Overs 10.1 - 40.0 (Mandatory - 243 runs, 2 wickets)","Powerplay 3: Overs 40.1 - 50.0 (Mandatory - 137 runs, 2 wickets)","Powerplay 1: Overs 0.1 - 10.0 (Mandatory - 94 runs, 2 wickets)","Powerplay 2: Overs 10.1 - 40.0 (Mandatory - 197 runs, 6 wickets)","Powerplay 3: Overs 40.1 - 50.0 (Mandatory - 35 runs, 2 wickets)",Aiden Markram
"Hours of play (local time)14.00 start, First Session 14.00-17.30, Interval 17.30-18.00, Second Session 18.00-21.30","TossAustralia, elected to bat first",199,49.3 overs,"(41.2/50 ov, T:200) 201/4","Powerplay 1: Overs 0.1 - 10.0 (Mandatory - 43 runs, 1 wicket)","Powerplay 2: Overs 10.1 - 40.0 (Mandatory - 113 runs, 6 wickets)","Powerplay 3: Overs 40.1 - 50.0 (Mandatory - 43 runs, 3 wickets)","Powerplay 1: Overs 0.1 - 10.0 (Mandatory - 27 runs, 3 wickets)","Powerplay 2: Overs 10.1 - 40.0 (Mandatory - 155 runs, 1 wicket)","Powerplay 3: Overs 40.1 - 50.0 (Mandatory - 19 runs, 0 wicket)",KL Rahul
"Hours of play (local time)14.00 start, First Session 14.00-17.30, Interval 17.30-18.00, Second Session 18.00-21.30","TossNetherlands, elected to field first",322/7,50.0 overs,"(46.3/50 ov, T:323) 223","Powerplay 1: Overs 0.1 - 10.0 (Mandatory - 63 runs, 0 wicket)","Powerplay 2: Overs 10.1 - 40.0 (Mandatory - 175 runs, 3 wickets)","Powerplay 3: Overs 40.1 - 50.0 (Mandatory - 84 runs, 4 wickets)","Powerplay 1: Overs 0.1 - 10.0 (Mandatory - 35 runs, 1 wicket)","Powerplay 2: Overs 10.1 - 40.0 (Mandatory - 161 runs, 6 wickets)","Powerplay 3: Overs 40.1 - 50.0 (Mandatory - 27 runs, 3 wickets)",Mitchell Santner
"Hours of play (local time)10.30 start, First Session 10.30-14.00, Interval 14.00-14.30, Second Session 14.30-18.00","TossBangladesh, elected to field first",364/9,50.0 overs,"(48.2/50 ov, T:365) 227","Powerplay 1: Overs 0.1 - 10.0 (Mandatory - 61 runs, 0 wicket)","Powerplay 2: Overs 10.1 - 40.0 (Mandatory - 237 runs, 3 wickets)","Powerplay 3: Overs 40.1 - 50.0 (Mandatory - 66 runs, 6 wickets)","Powerplay 1: Overs 0.1 - 10.0 (Mandatory - 57 runs, 4 wickets)","Powerplay 2: Overs 10.1 - 40.0 (Mandatory - 134 runs, 3 wickets)","Powerplay 3: Overs 40.1 - 50.0 (Mandatory - 36 runs, 3 wickets)",Dawid Malan
"Hours of play (local time)14.00 start, First Session 14.00-17.30, Interval 17.30-18.00, Second Session 18.00-21.30","TossSri Lanka, elected to bat first",344/9,50.0 overs,"(48.2/50 ov, T:345) 345/4","Powerplay 1: Overs 0.1 - 10.0 (Mandatory - 58 runs, 1 wicket)","Powerplay 2: Overs 10.1 - 40.0 (Mandatory - 225 runs, 3 wickets)","Powerplay 3: Overs 40.1 - 50.0 (Mandatory - 61 runs, 5 wickets)","Powerplay 1: Overs 0.1 - 10.0 (Mandatory - 48 runs, 2 wickets)","Powerplay 2: Overs 10.1 - 40.0 (Mandatory - 223 runs, 1 wicket)","Powerplay 3: Overs 40.1 - 50.0 (Mandatory - 74 runs, 1 wicket)",Mohammad Rizwan
"Hours of play (local time)14.00 start, First Session 14.00-17.30, Interval 17.30-18.00, Second Session 18.00-21.30","TossAfghanistan, elected to bat first",272/8,50.0 overs,"(35/50 ov, T:273) 273/2","Powerplay 1: Overs 0.1 - 10.0 (Mandatory - 48 runs, 1 wicket)","Powerplay 2: Overs 10.1 - 40.0 (Mandatory - 163 runs, 3 wickets)","Powerplay 3: Overs 40.1 - 50.0 (Mandatory - 61 runs, 4 wickets)","Powerplay 1: Overs 0.1 - 10.0 (Mandatory - 94 runs, 0 wicket)","Powerplay 2: Overs 10.1 - 40.0 (Mandatory - 179 runs, 2 wickets)",NA,Rohit Sharma
"Hours of play (local time)14.00 start, First Session 14.00-17.30, Interval 17.30-18.00, Second Session 18.00-21.30","TossAustralia, elected to field first",311/7,50.0 overs,"(40.5/50 ov, T:312) 177","Powerplay 1: Overs 0.1 - 10.0 (Mandatory - 53 runs, 0 wicket)","Powerplay 2: Overs 10.1 - 40.0 (Mandatory - 179 runs, 3 wickets)","Powerplay 3: Overs 40.1 - 50.0 (Mandatory - 79 runs, 4 wickets)","Powerplay 1: Overs 0.1 - 10.0 (Mandatory - 50 runs, 3 wickets)","Powerplay 2: Overs 10.1 - 40.0 (Mandatory - 124 runs, 5 wickets)","Powerplay 3: Overs 40.1 - 50.0 (Mandatory - 3 runs, 2 wickets)",Quinton de Kock
"Hours of play (local time)14.00 start, First Session 14.00-17.30, Interval 17.30-18.00, Second Session 18.00-21.30","TossNew Zealand, elected to field first",245/9,50.0 overs,"(42.5/50 ov, T:246) 248/2","Powerplay 1: Overs 0.1 - 10.0 (Mandatory - 46 runs, 2 wickets)","Powerplay 2: Overs 10.1 - 40.0 (Mandatory - 143 runs, 5 wickets)","Powerplay 3: Overs 40.1 - 50.0 (Mandatory - 56 runs, 2 wickets)","Powerplay 1: Overs 0.1 - 10.0 (Mandatory - 37 runs, 1 wicket)","Powerplay 2: Overs 10.1 - 40.0 (Mandatory - 184 runs, 1 wicket)","Powerplay 3: Overs 40.1 - 50.0 (Mandatory - 27 runs, 0 wicket)",Lockie Ferguson
"Hours of play (local time)14.00 start, First Session 14.00-17.30, Interval 17.30-18.00, Second Session 18.00-21.30","TossIndia, elected to field first",191,42.5 overs,"(30.3/50 ov, T:192) 192/3","Powerplay 1: Overs 0.1 - 10.0 (Mandatory - 49 runs, 1 wicket)","Powerplay 2: Overs 10.1 - 40.0 (Mandatory - 138 runs, 7 wickets)","Powerplay 3: Overs 40.1 - 50.0 (Mandatory - 4 runs, 2 wickets)","Powerplay 1: Overs 0.1 - 10.0 (Mandatory - 79 runs, 2 wickets)","Powerplay 2: Overs 10.1 - 40.0 (Mandatory - 113 runs, 1 wicket)",NA,Jasprit Bumrah
"Hours of play (local time)14.00 start, First Session 14.00-17.30, Interval 17.30-18.00, Second Session 18.00-21.30","TossEngland, elected to field first",284,49.5 overs,"(40.3/50 ov, T:285) 215","Powerplay 1: Overs 0.1 - 10.0 (Mandatory - 79 runs, 0 wicket)","Powerplay 2: Overs 10.1 - 40.0 (Mandatory - 137 runs, 6 wickets)","Powerplay 3: Overs 40.1 - 50.0 (Mandatory - 68 runs, 4 wickets)","Powerplay 1: Overs 0.1 - 10.0 (Mandatory - 52 runs, 2 wickets)","Powerplay 2: Overs 10.1 - 40.0 (Mandatory - 161 runs, 7 wickets)","Powerplay 3: Overs 40.1 - 50.0 (Mandatory - 2 runs, 1 wicket)",Mujeeb Ur Rahman
"Hours of play (local time)14.00 start, First Session 14.00-17.30, Interval 17.30-18.00, Second Session 18.00-21.30","TossSri Lanka, elected to bat first",209,43.3 overs,"(35.2/50 ov, T:210) 215/5","Powerplay 1: Overs 0.1 - 10.0 (Mandatory - 51 runs, 0 wicket)","Powerplay 2: Overs 10.1 - 40.0 (Mandatory - 148 runs, 8 wickets)","Powerplay 3: Overs 40.1 - 50.0 (Mandatory - 10 runs, 2 wickets)","Powerplay 1: Overs 0.1 - 10.0 (Mandatory - 64 runs, 2 wickets)","Powerplay 2: Overs 10.1 - 40.0 (Mandatory - 151 runs, 3 wickets)",NA,Adam Zampa
"Hours of play (local time)14.00 start, First Session 14.00-17.30, Interval 17.30-18.00, Second Session 18.00-21.30","TossSouth Africa, elected to field first",(43/43 ov) 245/8,43.0 overs,"(42.5/43 ov, T:246) 207","Powerplay 1: Overs 0.1 - 9.0 (Mandatory - 28 runs, 2 wickets)","Powerplay 2: Overs 9.1 - 35.0 (Mandatory - 128 runs, 5 wickets)","Powerplay 3: Overs 35.1 - 43.0 (Mandatory - 89 runs, 1 wicket)","Powerplay 1: Overs 0.1 - 9.0 (Mandatory - 39 runs, 1 wicket)","Powerplay 2: Overs 9.1 - 35.0 (Mandatory - 127 runs, 7 wickets)","Powerplay 3: Overs 35.1 - 43.0 (Mandatory - 41 runs, 2 wickets)",Scott Edwards
"Hours of play (local time)14.00 start, First Session 14.00-17.30, Interval 17.30-18.00, Second Session 18.00-21.30","TossAfghanistan, elected to field first",288/6,50.0 overs,"(34.4/50 ov, T:289) 139","Powerplay 1: Overs 0.1 - 10.0 (Mandatory - 43 runs, 1 wicket)","Powerplay 2: Overs 10.1 - 40.0 (Mandatory - 142 runs, 3 wickets)","Powerplay 3: Overs 40.1 - 50.0 (Mandatory - 103 runs, 2 wickets)","Powerplay 1: Overs 0.1 - 10.0 (Mandatory - 28 runs, 2 wickets)","Powerplay 2: Overs 10.1 - 40.0 (Mandatory - 111 runs, 8 wickets)",NA,Glenn Phillips
"Hours of play (local time)14.00 start, First Session 14.00-17.30, Interval 17.30-18.00, Second Session 18.00-21.30","TossBangladesh, elected to bat first",256/8,50.0 overs,"(41.3/50 ov, T:257) 261/3","Powerplay 1: Overs 0.1 - 10.0 (Mandatory - 63 runs, 0 wicket)","Powerplay 2: Overs 10.1 - 40.0 (Mandatory - 126 runs, 5 wickets)","Powerplay 3: Overs 40.1 - 50.0 (Mandatory - 67 runs, 3 wickets)","Powerplay 1: Overs 0.1 - 10.0 (Mandatory - 63 runs, 0 wicket)","Powerplay 2: Overs 10.1 - 40.0 (Mandatory - 186 runs, 3 wickets)","Powerplay 3: Overs 40.1 - 50.0 (Mandatory - 12 runs, 0 wicket)",Virat Kohli
"Hours of play (local time)14.00 start, First Session 14.00-17.30, Interval 17.30-18.00, Second Session 18.00-21.30","TossPakistan, elected to field first",367/9,50.0 overs,"(45.3/50 ov, T:368) 305","Powerplay 1: Overs 0.1 - 10.0 (Mandatory - 82 runs, 0 wicket)","Powerplay 2: Overs 10.1 - 40.0 (Mandatory - 215 runs, 3 wickets)","Powerplay 3: Overs 40.1 - 50.0 (Mandatory - 70 runs, 6 wickets)","Powerplay 1: Overs 0.1 - 10.0 (Mandatory - 59 runs, 0 wicket)","Powerplay 2: Overs 10.1 - 40.0 (Mandatory - 213 runs, 5 wickets)","Powerplay 3: Overs 40.1 - 50.0 (Mandatory - 33 runs, 5 wickets)",David Warner
"Hours of play (local time)10.30 start, First Session 10.30-14.00, Interval 14.00-14.30, Second Session 14.30-18.00","TossNetherlands, elected to bat first",262,49.4 overs,"(48.2/50 ov, T:263) 263/5","Powerplay 1: Overs 0.1 - 10.0 (Mandatory - 48 runs, 2 wickets)","Powerplay 2: Overs 10.1 - 40.0 (Mandatory - 127 runs, 4 wickets)","Powerplay 3: Overs 40.1 - 50.0 (Mandatory - 87 runs, 4 wickets)","Powerplay 1: Overs 0.1 - 10.0 (Mandatory - 56 runs, 2 wickets)","Powerplay 2: Overs 10.1 - 40.0 (Mandatory - 167 runs, 2 wickets)",Powerplay 3: Overs 40.1 - 50.0 (Mandatory),Sadeera Samarawickrama
"Hours of play (local time)14.00 start, First Session 14.00-17.30, Interval 17.30-18.00, Second Session 18.00-21.30","TossEngland, elected to field first",399/7,50.0 overs,"(22/50 ov, T:400) 170","Powerplay 1: Overs 0.1 - 10.0 (Mandatory - 59 runs, 1 wicket)","Powerplay 2: Overs 10.1 - 40.0 (Mandatory - 197 runs, 4 wickets)","Powerplay 3: Overs 40.1 - 50.0 (Mandatory - 143 runs, 2 wickets)","Powerplay 1: Overs 0.1 - 10.0 (Mandatory - 67 runs, 4 wickets)","Powerplay 2: Overs 10.1 - 40.0 (Mandatory - 103 runs, 5 wickets)",NA,Heinrich Klaasen
"Hours of play (local time)14.00 start, First Session 14.00-17.30, Interval 17.30-18.00, Second Session 18.00-21.30","TossIndia, elected to field first",273,50.0 overs,"(48/50 ov, T:274) 274/6","Powerplay 1: Overs 0.1 - 10.0 (Mandatory - 34 runs, 2 wickets)","Powerplay 2: Overs 10.1 - 40.0 (Mandatory - 185 runs, 2 wickets)","Powerplay 3: Overs 40.1 - 50.0 (Mandatory - 54 runs, 6 wickets)","Powerplay 1: Overs 0.1 - 10.0 (Mandatory - 63 runs, 0 wicket)","Powerplay 2: Overs 10.1 - 40.0 (Mandatory - 162 runs, 5 wickets)","Powerplay 3: Overs 40.1 - 50.0 (Mandatory - 49 runs, 1 wicket)",Mohammed Shami
"Hours of play (local time)14.00 start, First Session 14.00-17.30, Interval 17.30-18.00, Second Session 18.00-21.30","TossPakistan, elected to bat first",282/7,50.0 overs,"(49/50 ov, T:283) 286/2","Powerplay 1: Overs 0.1 - 10.0 (Mandatory - 56 runs, 0 wicket)","Powerplay 2: Overs 10.1 - 40.0 (Mandatory - 135 runs, 4 wickets)","Powerplay 3: Overs 40.1 - 50.0 (Mandatory - 91 runs, 3 wickets)","Powerplay 1: Overs 0.1 - 10.0 (Mandatory - 60 runs, 0 wicket)","Powerplay 2: Overs 10.1 - 40.0 (Mandatory - 161 runs, 2 wickets)","Powerplay 3: Overs 40.1 - 50.0 (Mandatory - 65 runs, 0 wicket)",Ibrahim Zadran
"Hours of play (local time)14.00 start, First Session 14.00-17.30, Interval 17.30-18.00, Second Session 18.00-21.30","TossSouth Africa, elected to bat first",382/5,50.0 overs,"(46.4/50 ov, T:383) 233","Powerplay 1: Overs 0.1 - 10.0 (Mandatory - 44 runs, 2 wickets)","Powerplay 2: Overs 10.1 - 40.0 (Mandatory - 194 runs, 1 wicket)","Powerplay 3: Overs 40.1 - 50.0 (Mandatory - 144 runs, 2 wickets)","Powerplay 1: Overs 0.1 - 10.0 (Mandatory - 35 runs, 3 wickets)","Powerplay 2: Overs 10.1 - 40.0 (Mandatory - 149 runs, 5 wickets)","Powerplay 3: Overs 40.1 - 50.0 (Mandatory - 49 runs, 2 wickets)",Quinton de Kock
"Hours of play (local time)14.00 start, First Session 14.00-17.30, Interval 17.30-18.00, Second Session 18.00-21.30","TossAustralia, elected to bat first",399/8,50.0 overs,"(21/50 ov, T:400) 90","Powerplay 1: Overs 0.1 - 10.0 (Mandatory - 66 runs, 1 wicket)","Powerplay 2: Overs 10.1 - 40.0 (Mandatory - 202 runs, 4 wickets)","Powerplay 3: Overs 40.1 - 50.0 (Mandatory - 131 runs, 3 wickets)","Powerplay 1: Overs 0.1 - 10.0 (Mandatory - 48 runs, 3 wickets)","Powerplay 2: Overs 10.1 - 40.0 (Mandatory - 42 runs, 7 wickets)",NA,Glenn Maxwell
"Hours of play (local time)14.00 start, First Session 14.00-17.30, Interval 17.30-18.00, Second Session 18.00-21.30","TossEngland, elected to bat first",156,33.2 overs,"(25.4/50 ov, T:157) 160/2","Powerplay 1: Overs 0.1 - 10.0 (Mandatory - 59 runs, 2 wickets)","Powerplay 2: Overs 10.1 - 40.0 (Mandatory - 97 runs, 8 wickets)",NA,"Powerplay 1: Overs 0.1 - 10.0 (Mandatory - 56 runs, 2 wickets)","Powerplay 2: Overs 10.1 - 40.0 (Mandatory - 104 runs, 0 wicket)",NA,Lahiru Kumara
"Hours of play (local time)14.00 start, First Session 14.00-17.30, Interval 17.30-18.00, Second Session 18.00-21.30","TossPakistan, elected to bat first",270,46.4 overs,"(47.2/50 ov, T:271) 271/9","Powerplay 1: Overs 0.1 - 10.0 (Mandatory - 58 runs, 2 wickets)","Powerplay 2: Overs 10.1 - 40.0 (Mandatory - 167 runs, 4 wickets)","Powerplay 3: Overs 40.1 - 50.0 (Mandatory - 45 runs, 4 wickets)","Powerplay 1: Overs 0.1 - 10.0 (Mandatory - 67 runs, 2 wickets)","Powerplay 2: Overs 10.1 - 40.0 (Mandatory - 182 runs, 4 wickets)","Powerplay 3: Overs 40.1 - 50.0 (Mandatory - 22 runs, 3 wickets)",Tabraiz Shamsi
"Hours of play (local time)10.30 start, First Session 10.30-14.00, Interval 14.00-14.30, Second Session 14.30-18.00","TossNew Zealand, elected to field first",388,49.2 overs,"(50 ov, T:389) 383/9","Powerplay 1: Overs 0.1 - 10.0 (Mandatory - 118 runs, 0 wicket)","Powerplay 2: Overs 10.1 - 40.0 (Mandatory - 174 runs, 5 wickets)","Powerplay 3: Overs 40.1 - 50.0 (Mandatory - 96 runs, 5 wickets)","Powerplay 1: Overs 0.1 - 10.0 (Mandatory - 73 runs, 2 wickets)","Powerplay 2: Overs 10.1 - 40.0 (Mandatory - 219 runs, 3 wickets)","Powerplay 3: Overs 40.1 - 50.0 (Mandatory - 91 runs, 4 wickets)",Travis Head
"Hours of play (local time)14.00 start, First Session 14.00-17.30, Interval 17.30-18.00, Second Session 18.00-21.30","TossNetherlands, elected to bat first",229,50.0 overs,"(42.2/50 ov, T:230) 142","Powerplay 1: Overs 0.1 - 10.0 (Mandatory - 47 runs, 2 wickets)","Powerplay 2: Overs 10.1 - 40.0 (Mandatory - 108 runs, 3 wickets)","Powerplay 3: Overs 40.1 - 50.0 (Mandatory - 74 runs, 5 wickets)","Powerplay 1: Overs 0.1 - 10.0 (Mandatory - 39 runs, 2 wickets)","Powerplay 2: Overs 10.1 - 40.0 (Mandatory - 101 runs, 6 wickets)","Powerplay 3: Overs 40.1 - 50.0 (Mandatory - 2 runs, 2 wickets)",Paul van Meekeren
"Hours of play (local time)14.00 start, First Session 14.00-17.30, Interval 17.30-18.00, Second Session 18.00-21.30","TossEngland, elected to field first",229/9,50.0 overs,"(34.5/50 ov, T:230) 129","Powerplay 1: Overs 0.1 - 10.0 (Mandatory - 35 runs, 2 wickets)","Powerplay 2: Overs 10.1 - 40.0 (Mandatory - 145 runs, 3 wickets)","Powerplay 3: Overs 40.1 - 50.0 (Mandatory - 49 runs, 4 wickets)","Powerplay 1: Overs 0.1 - 10.0 (Mandatory - 40 runs, 4 wickets)","Powerplay 2: Overs 10.1 - 40.0 (Mandatory - 89 runs, 6 wickets)",NA,Rohit Sharma
"Hours of play (local time)14.00 start, First Session 14.00-17.30, Interval 17.30-18.00, Second Session 18.00-21.30","TossAfghanistan, elected to field first",241,49.3 overs,"(45.2/50 ov, T:242) 242/3","Powerplay 1: Overs 0.1 - 10.0 (Mandatory - 41 runs, 1 wicket)","Powerplay 2: Overs 10.1 - 40.0 (Mandatory - 144 runs, 6 wickets)","Powerplay 3: Overs 40.1 - 50.0 (Mandatory - 56 runs, 3 wickets)","Powerplay 1: Overs 0.1 - 10.0 (Mandatory - 50 runs, 1 wicket)","Powerplay 2: Overs 10.1 - 40.0 (Mandatory - 151 runs, 2 wickets)","Powerplay 3: Overs 40.1 - 50.0 (Mandatory - 41 runs, 0 wicket)",Fazalhaq Farooqi
"Hours of play (local time)14.00 start, First Session 14.00-17.30, Interval 17.30-18.00, Second Session 18.00-21.30","TossBangladesh, elected to bat first",204,45.1 overs,"(32.3/50 ov, T:205) 205/3","Powerplay 1: Overs 0.1 - 10.0 (Mandatory - 37 runs, 3 wickets)","Powerplay 2: Overs 10.1 - 40.0 (Mandatory - 151 runs, 4 wickets)","Powerplay 3: Overs 40.1 - 50.0 (Mandatory - 16 runs, 3 wickets)","Powerplay 1: Overs 0.1 - 10.0 (Mandatory - 52 runs, 0 wicket)","Powerplay 2: Overs 10.1 - 40.0 (Mandatory - 153 runs, 3 wickets)",NA,Fakhar Zaman
"Hours of play (local time)14.00 start, First Session 14.00-17.30, Interval 17.30-18.00, Second Session 18.00-21.30","TossNew Zealand, elected to field first",357/4,50.0 overs,"(35.3/50 ov, T:358) 167","Powerplay 1: Overs 0.1 - 10.0 (Mandatory - 43 runs, 1 wicket)","Powerplay 2: Overs 10.1 - 40.0 (Mandatory - 195 runs, 1 wicket)","Powerplay 3: Overs 40.1 - 50.0 (Mandatory - 119 runs, 2 wickets)","Powerplay 1: Overs 0.1 - 10.0 (Mandatory - 51 runs, 2 wickets)","Powerplay 2: Overs 10.1 - 40.0 (Mandatory - 116 runs, 8 wickets)",NA,Rassie van der Dussen
"Hours of play (local time)14.00 start, First Session 14.00-17.30, Interval 17.30-18.00, Second Session 18.00-21.30","TossSri Lanka, elected to field first",357/8,50.0 overs,"(19.4/50 ov, T:358) 55","Powerplay 1: Overs 0.1 - 10.0 (Mandatory - 60 runs, 1 wicket)","Powerplay 2: Overs 10.1 - 40.0 (Mandatory - 204 runs, 3 wickets)","Powerplay 3: Overs 40.1 - 50.0 (Mandatory - 93 runs, 4 wickets)","Powerplay 1: Overs 0.1 - 10.0 (Mandatory - 14 runs, 6 wickets)","Powerplay 2: Overs 10.1 - 40.0 (Mandatory - 41 runs, 4 wickets)",NA,Mohammed Shami
"Hours of play (local time)14.00 start, First Session 14.00-17.30, Interval 17.30-18.00, Second Session 18.00-21.30","TossNetherlands, elected to bat first",179,46.3 overs,"(31.3/50 ov, T:180) 181/3","Powerplay 1: Overs 0.1 - 10.0 (Mandatory - 66 runs, 1 wicket)","Powerplay 2: Overs 10.1 - 40.0 (Mandatory - 101 runs, 7 wickets)","Powerplay 3: Overs 40.1 - 50.0 (Mandatory - 12 runs, 2 wickets)","Powerplay 1: Overs 0.1 - 10.0 (Mandatory - 55 runs, 1 wicket)","Powerplay 2: Overs 10.1 - 40.0 (Mandatory - 126 runs, 2 wickets)",NA,Mohammad Nabi
"Hours of play (local time)10.30 start, First Session 10.30-14.00, Interval 14.00-14.30, Second Session 14.30-18.00","TossPakistan, elected to field first",401/6,50.0 overs,"(25.3/25.3 ov, T:180) 200/1","Powerplay 1: Overs 0.1 - 10.0 (Mandatory - 66 runs, 0 wicket)","Powerplay 2: Overs 10.1 - 40.0 (Mandatory - 241 runs, 3 wickets)","Powerplay 3: Overs 40.1 - 50.0 (Mandatory - 94 runs, 3 wickets)","Powerplay 1: Overs 0.1 - 10.0 (Mandatory - 75 runs, 1 wicket)","Powerplay 2: Overs 10.1 - 33 (Mandatory - 125 runs, 0 wicket)",NA,Fakhar Zaman
"Hours of play (local time)14.00 start, First Session 14.00-17.30, Interval 17.30-18.00, Second Session 18.00-21.30","TossEngland, elected to field first",286,49.3 overs,"(48.1/50 ov, T:287) 253","Powerplay 1: Overs 0.1 - 10.0 (Mandatory - 48 runs, 2 wickets)","Powerplay 2: Overs 10.1 - 40.0 (Mandatory - 172 runs, 3 wickets)","Powerplay 3: Overs 40.1 - 50.0 (Mandatory - 66 runs, 5 wickets)","Powerplay 1: Overs 0.1 - 10.0 (Mandatory - 38 runs, 2 wickets)","Powerplay 2: Overs 10.1 - 40.0 (Mandatory - 149 runs, 5 wickets)","Powerplay 3: Overs 40.1 - 50.0 (Mandatory - 66 runs, 3 wickets)",Adam Zampa
"Hours of play (local time)14.00 start, First Session 14.00-17.30, Interval 17.30-18.00, Second Session 18.00-21.30","TossIndia, elected to bat first",326/5,50.0 overs,"(27.1/50 ov, T:327) 83","Powerplay 1: Overs 0.1 - 10.0 (Mandatory - 91 runs, 1 wicket)","Powerplay 2: Overs 10.1 - 40.0 (Mandatory - 148 runs, 2 wickets)","Powerplay 3: Overs 40.1 - 50.0 (Mandatory - 87 runs, 2 wickets)","Powerplay 1: Overs 0.1 - 10.0 (Mandatory - 35 runs, 3 wickets)","Powerplay 2: Overs 10.1 - 40.0 (Mandatory - 48 runs, 7 wickets)",NA,Virat Kohli
"Hours of play (local time)14.00 start, First Session 14.00-17.30, Interval 17.30-18.00, Second Session 18.00-21.30","TossBangladesh, elected to field first",279,49.3 overs,"(41.1/50 ov, T:280) 282/7","Powerplay 1: Overs 0.1 - 10.0 (Mandatory - 52 runs, 1 wicket)","Powerplay 2: Overs 10.1 - 40.0 (Mandatory - 171 runs, 4 wickets)","Powerplay 3: Overs 40.1 - 50.0 (Mandatory - 56 runs, 4 wickets)","Powerplay 1: Overs 0.1 - 10.0 (Mandatory - 57 runs, 2 wickets)","Powerplay 2: Overs 10.1 - 40.0 (Mandatory - 211 runs, 4 wickets)","Powerplay 3: Overs 40.1 - 50.0 (Mandatory - 14 runs, 1 wicket)",Shakib Al Hasan
"Hours of play (local time)14.00 start, First Session 14.00-17.30, Interval 17.30-18.00, Second Session 18.00-21.30","TossAfghanistan, elected to bat first",291/5,50.0 overs,"(46.5/50 ov, T:292) 293/7","Powerplay 1: Overs 0.1 - 10.0 (Mandatory - 46 runs, 1 wicket)","Powerplay 2: Overs 10.1 - 40.0 (Mandatory - 149 runs, 2 wickets)","Powerplay 3: Overs 40.1 - 50.0 (Mandatory - 96 runs, 2 wickets)","Powerplay 1: Overs 0.1 - 10.0 (Mandatory - 52 runs, 4 wickets)","Powerplay 2: Overs 10.1 - 40.0 (Mandatory - 180 runs, 3 wickets)","Powerplay 3: Overs 40.1 - 50.0 (Mandatory - 61 runs, 0 wicket)",Glenn Maxwell
"Hours of play (local time)14.00 start, First Session 14.00-17.30, Interval 17.30-18.00, Second Session 18.00-21.30","TossEngland, elected to bat first",339/9,50.0 overs,"(37.2/50 ov, T:340) 179","Powerplay 1: Overs 0.1 - 10.0 (Mandatory - 70 runs, 1 wicket)","Powerplay 2: Overs 10.1 - 40.0 (Mandatory - 145 runs, 5 wickets)","Powerplay 3: Overs 40.1 - 50.0 (Mandatory - 124 runs, 3 wickets)","Powerplay 1: Overs 0.1 - 10.0 (Mandatory - 23 runs, 2 wickets)","Powerplay 2: Overs 10.1 - 40.0 (Mandatory - 156 runs, 8 wickets)",NA,Ben Stokes
"Hours of play (local time)14.00 start, First Session 14.00-17.30, Interval 17.30-18.00, Second Session 18.00-21.30","TossNew Zealand, elected to field first",171,46.4 overs,"(23.2/50 ov, T:172) 172/5","Powerplay 1: Overs 0.1 - 10.0 (Mandatory - 74 runs, 5 wickets)","Powerplay 2: Overs 10.1 - 40.0 (Mandatory - 81 runs, 4 wickets)","Powerplay 3: Overs 40.1 - 50.0 (Mandatory - 16 runs, 1 wicket)","Powerplay 1: Overs 0.1 - 10.0 (Mandatory - 73 runs, 0 wicket)","Powerplay 2: Overs 10.1 - 40.0 (Mandatory - 99 runs, 5 wickets)",NA,Trent Boult
"Hours of play (local time)14.00 start, First Session 14.00-17.30, Interval 17.30-18.00, Second Session 18.00-21.30","TossAfghanistan, elected to bat first",244,50.0 overs,"(47.3/50 ov, T:245) 247/5","Powerplay 1: Overs 0.1 - 10.0 (Mandatory - 41 runs, 2 wickets)","Powerplay 2: Overs 10.1 - 40.0 (Mandatory - 132 runs, 5 wickets)","Powerplay 3: Overs 40.1 - 50.0 (Mandatory - 71 runs, 3 wickets)","Powerplay 1: Overs 0.1 - 10.0 (Mandatory - 57 runs, 0 wicket)","Powerplay 2: Overs 10.1 - 40.0 (Mandatory - 135 runs, 5 wickets)","Powerplay 3: Overs 40.1 - 50.0 (Mandatory - 55 runs, 0 wicket)",Rassie van der Dussen
"Hours of play (local time)10.30 start, First Session 10.30-14.00, Interval 14.00-14.30, Second Session 14.30-18.00","TossAustralia, elected to field first",306/8,50.0 overs,"(44.4/50 ov, T:307) 307/2","Powerplay 1: Overs 0.1 - 10.0 (Mandatory - 62 runs, 0 wicket)","Powerplay 2: Overs 10.1 - 40.0 (Mandatory - 177 runs, 4 wickets)","Powerplay 3: Overs 40.1 - 50.0 (Mandatory - 67 runs, 4 wickets)","Powerplay 1: Overs 0.1 - 10.0 (Mandatory - 58 runs, 1 wicket)","Powerplay 2: Overs 10.1 - 40.0 (Mandatory - 206 runs, 1 wicket)","Powerplay 3: Overs 40.1 - 50.0 (Mandatory - 43 runs, 0 wicket)",Mitchell Marsh
"Hours of play (local time)14.00 start, First Session 14.00-17.30, Interval 17.30-18.00, Second Session 18.00-21.30","TossEngland, elected to bat first",337/9,50.0 overs,"(43.3/50 ov, T:338) 244","Powerplay 1: Overs 0.1 - 10.0 (Mandatory - 72 runs, 0 wicket)","Powerplay 2: Overs 10.1 - 40.0 (Mandatory - 168 runs, 2 wickets)","Powerplay 3: Overs 40.1 - 50.0 (Mandatory - 97 runs, 7 wickets)","Powerplay 1: Overs 0.1 - 10.0 (Mandatory - 43 runs, 2 wickets)","Powerplay 2: Overs 10.1 - 40.0 (Mandatory - 166 runs, 7 wickets)","Powerplay 3: Overs 40.1 - 50.0 (Mandatory - 35 runs, 1 wicket)",David Willey
"Hours of play (local time)14.00 start, First Session 14.00-17.30, Interval 17.30-18.00, Second Session 18.00-21.30","TossIndia, elected to bat first",410/4,50.0 overs,"(47.5/50 ov, T:411) 250","Powerplay 1: Overs 0.1 - 10.0 (Mandatory - 91 runs, 0 wicket)","Powerplay 2: Overs 10.1 - 40.0 (Mandatory - 193 runs, 3 wickets)","Powerplay 3: Overs 40.1 - 50.0 (Mandatory - 126 runs, 1 wicket)","Powerplay 1: Overs 0.1 - 10.0 (Mandatory - 62 runs, 1 wicket)","Powerplay 2: Overs 10.1 - 40.0 (Mandatory - 128 runs, 5 wickets)","Powerplay 3: Overs 40.1 - 50.0 (Mandatory - 60 runs, 4 wickets)",Shreyas Iyer
"Hours of play (local time)14.00 start, First Session 14.00-17.30, Interval 17.30-18.00, Second Session 18.00-21.30","TossIndia, elected to bat first",397/4,50.0 overs,"(48.5/50 ov, T:398) 327","Powerplay 1: Overs 0.1 - 10.0 (Mandatory - 84 runs, 1 wicket)","Powerplay 2: Overs 10.1 - 40.0 (Mandatory - 203 runs, 0 wicket)","Powerplay 3: Overs 40.1 - 50.0 (Mandatory - 110 runs, 3 wickets)","Powerplay 1: Overs 0.1 - 10.0 (Mandatory - 46 runs, 2 wickets)","Powerplay 2: Overs 10.1 - 40.0 (Mandatory - 220 runs, 2 wickets)","Powerplay 3: Overs 40.1 - 50.0 (Mandatory - 61 runs, 6 wickets)",Mohammed Shami
"Hours of play (local time)14.00 start, First Session 14.00-17.30, Interval 17.30-18.00, Second Session 18.00-21.30","TossSouth Africa, elected to bat first",212,49.4 overs,"(47.2/50 ov, T:213) 215/7","Powerplay 1: Overs 0.1 - 10.0 (Mandatory - 18 runs, 2 wickets)","Powerplay 2: Overs 10.1 - 40.0 (Mandatory - 138 runs, 4 wickets)","Powerplay 3: Overs 40.1 - 50.0 (Mandatory - 56 runs, 4 wickets)","Powerplay 1: Overs 0.1 - 10.0 (Mandatory - 74 runs, 2 wickets)","Powerplay 2: Overs 10.1 - 40.0 (Mandatory - 119 runs, 5 wickets)","Powerplay 3: Overs 40.1 - 50.0 (Mandatory - 22 runs, 0 wicket)",Travis Head
"Hours of play (local time)14.00 start, First Session 14.00-17.30, Interval 17.30-18.00, Second Session 18.00-21.30","TossAustralia, elected to field first",240,50.0 overs,"(43/50 ov, T:241) 241/4","Powerplay 1: Overs 0.1 - 10.0 (Mandatory - 80 runs, 2 wickets)","Powerplay 2: Overs 10.1 - 40.0 (Mandatory - 117 runs, 3 wickets)","Powerplay 3: Overs 40.1 - 50.0 (Mandatory - 43 runs, 5 wickets)","Powerplay 1: Overs 0.1 - 10.0 (Mandatory - 60 runs, 3 wickets)","Powerplay 2: Overs 10.1 - 40.0 (Mandatory - 165 runs, 0 wicket)",Powerplay 3: Overs 40.1 - 50.0 (Mandatory),Travis Head
